DATE,T5YIE,T10YIE,PCEPI
2011-08-09,1.75,2.2,
2011-08-10,1.95,2.3,
2011-08-11,1.86,2.28,
2011-08-12,1.84,2.26,
2011-08-15,1.8,2.23,
2011-08-16,1.74,2.18,
2011-08-17,1.73,2.16,
2011-08-18,1.62,1.99,
2011-08-19,1.7,2.05,
2011-08-22,1.73,2.07,
2011-08-23,1.66,2.02,
2011-08-24,1.65,2.04,
2011-08-25,1.68,2.1,
2011-08-26,1.64,2.04,
2011-08-29,1.67,2.06,
2011-08-30,1.67,2.05,
2011-08-31,1.72,2.05,
2011-09-01,1.72,2.08,
2011-09-02,1.72,2.02,
2011-09-05,,,
2011-09-06,1.63,1.93,
2011-09-07,1.67,1.96,
2011-09-08,1.73,2.0,
2011-09-09,1.65,1.96,
2011-09-12,1.63,1.94,
2011-09-13,1.61,1.93,
2011-09-14,1.58,1.91,
2011-09-15,1.73,1.96,
2011-09-16,1.69,1.95,
2011-09-19,1.61,1.88,
2011-09-20,1.67,1.91,
2011-09-21,1.66,1.86,
2011-09-22,1.49,1.71,
2011-09-23,1.48,1.74,
2011-09-26,1.48,1.79,
2011-09-27,1.57,1.88,
2011-09-28,1.57,1.87,
2011-09-29,1.54,1.82,
2011-09-30,1.5,1.75,
2011-10-03,1.48,1.73,
2011-10-04,1.49,1.76,
2011-10-05,1.5,1.8,
2011-10-06,1.58,1.88,
2011-10-07,1.63,1.94,
2011-10-10,,,
2011-10-11,1.65,1.95,
2011-10-12,1.67,1.98,
2011-10-13,1.61,1.92,
2011-10-14,1.66,1.98,
2011-10-17,1.66,1.94,
2011-10-18,1.72,1.97,
2011-10-19,1.71,1.95,
2011-10-20,1.72,1.98,
2011-10-21,1.74,2.0,
2011-10-24,1.76,2.02,
2011-10-25,1.76,2.02,
2011-10-26,1.83,2.08,
2011-10-27,1.94,2.18,
2011-10-28,1.93,2.15,98.723
2011-10-31,1.88,2.09,
2011-11-01,1.82,2.05,
2011-11-02,1.91,2.1,
2011-11-03,1.91,2.09,
2011-11-04,1.93,2.12,
2011-11-07,1.94,2.14,
2011-11-08,1.89,2.13,
2011-11-09,1.87,2.04,
2011-11-10,1.88,2.08,
2011-11-11,,,
2011-11-14,1.84,2.05,
2011-11-15,1.76,2.02,
2011-11-16,1.68,1.96,
2011-11-17,1.59,1.9,
2011-11-18,1.64,1.96,
2011-11-21,1.59,1.9,
2011-11-22,1.6,1.89,
2011-11-23,1.61,1.9,
2011-11-24,,,
2011-11-25,1.64,1.92,
2011-11-28,1.66,1.95,98.725
2011-11-29,1.7,1.99,
2011-11-30,1.76,2.05,
2011-12-01,1.76,2.05,
2011-12-02,1.76,2.05,
2011-12-05,1.77,2.05,
2011-12-06,1.83,2.07,
2011-12-07,1.71,2.03,
2011-12-08,1.65,1.98,
2011-12-09,1.64,2.02,
2011-12-12,1.64,2.04,
2011-12-13,1.65,2.01,
2011-12-14,1.6,1.96,
2011-12-15,1.61,1.93,
2011-12-16,1.58,1.91,
2011-12-19,1.64,1.94,
2011-12-20,1.72,2.04,
2011-12-21,1.7,2.05,
2011-12-22,1.64,2.04,
2011-12-23,1.68,2.07,
2011-12-26,,,
2011-12-27,1.65,2.04,
2011-12-28,1.63,2.0,98.928
2011-12-29,1.61,1.96,
2011-12-30,1.59,1.96,
2012-01-02,,,
2012-01-03,1.66,2.01,
2012-01-04,1.71,2.08,
2012-01-05,1.74,2.12,
2012-01-06,1.71,2.09,
2012-01-09,1.73,2.11,
2012-01-10,1.7,2.08,
2012-01-11,1.67,2.03,
2012-01-12,1.69,2.04,
2012-01-13,1.69,2.03,
2012-01-16,,,
2012-01-17,1.7,2.04,
2012-01-18,1.73,2.07,
2012-01-19,1.75,2.01,
2012-01-20,1.76,2.04,
2012-01-23,1.77,2.07,
2012-01-24,1.81,2.09,
2012-01-25,1.83,2.13,
2012-01-26,1.86,2.12,
2012-01-27,1.88,2.11,98.984
2012-01-30,1.87,2.11,
2012-01-31,1.88,2.11,
2012-02-01,1.89,2.15,
2012-02-02,1.89,2.16,
2012-02-03,1.88,2.18,
2012-02-06,1.91,2.19,
2012-02-07,1.95,2.21,
2012-02-08,1.91,2.22,
2012-02-09,1.91,2.21,
2012-02-10,1.88,2.2,
2012-02-13,1.97,2.21,
2012-02-14,1.92,2.19,
2012-02-15,1.9,2.19,
2012-02-16,1.93,2.23,
2012-02-17,1.93,2.24,
2012-02-20,,,
2012-02-21,1.98,2.27,
2012-02-22,1.99,2.28,
2012-02-23,2.04,2.29,
2012-02-24,2.03,2.27,
2012-02-27,2.02,2.24,
2012-02-28,1.99,2.25,99.323
2012-02-29,1.99,2.26,
2012-03-01,1.99,2.26,
2012-03-02,1.95,2.23,
2012-03-05,1.94,2.2,
2012-03-06,1.92,2.17,
2012-03-07,1.98,2.2,
2012-03-08,2.01,2.24,
2012-03-09,2.07,2.28,
2012-03-12,2.06,2.28,
2012-03-13,2.13,2.34,
2012-03-14,2.15,2.36,
2012-03-15,2.13,2.37,
2012-03-16,2.12,2.4,
2012-03-19,2.13,2.42,
2012-03-20,2.15,2.42,
2012-03-21,2.11,2.39,
2012-03-22,2.06,2.37,
2012-03-23,2.04,2.36,
2012-03-26,2.02,2.34,
2012-03-27,2.01,2.33,
2012-03-28,2.03,2.32,99.545
2012-03-29,1.99,2.31,
2012-03-30,2.02,2.32,
2012-04-02,2.04,2.36,
2012-04-03,2.04,2.36,
2012-04-04,1.96,2.3,
2012-04-05,1.95,2.27,
2012-04-06,1.85,2.23,
2012-04-09,1.84,2.23,
2012-04-10,1.87,2.25,
2012-04-11,1.95,2.3,
2012-04-12,1.91,2.3,
2012-04-13,1.91,2.27,
2012-04-16,1.89,2.26,
2012-04-17,1.91,2.29,
2012-04-18,1.87,2.26,
2012-04-19,1.91,2.19,
2012-04-20,1.96,2.23,
2012-04-23,1.95,2.22,
2012-04-24,2.01,2.25,
2012-04-25,2.02,2.25,
2012-04-26,2.04,2.27,
2012-04-27,2.06,2.26,99.735
2012-04-30,2.06,2.25,
2012-05-01,2.06,2.26,
2012-05-02,2.04,2.24,
2012-05-03,2.01,2.23,
2012-05-04,1.93,2.21,
2012-05-07,1.94,2.19,
2012-05-08,1.95,2.16,
2012-05-09,1.94,2.14,
2012-05-10,1.96,2.14,
2012-05-11,1.91,2.12,
2012-05-14,1.91,2.11,
2012-05-15,1.92,2.12,
2012-05-16,1.89,2.09,
2012-05-17,1.87,2.05,
2012-05-18,1.85,2.1,
2012-05-21,1.86,2.16,
2012-05-22,1.87,2.17,
2012-05-23,1.8,2.14,
2012-05-24,1.79,2.14,
2012-05-25,1.78,2.13,
2012-05-28,,,99.866
2012-05-29,1.76,2.11,
2012-05-30,1.71,2.08,
2012-05-31,1.72,2.09,
2012-06-01,1.65,2.06,
2012-06-04,1.69,2.09,
2012-06-05,1.71,2.13,
2012-06-06,1.73,2.16,
2012-06-07,1.77,2.15,
2012-06-08,1.79,2.15,
2012-06-11,1.79,2.13,
2012-06-12,1.81,2.15,
2012-06-13,1.8,2.12,
2012-06-14,1.79,2.11,
2012-06-15,1.86,2.14,
2012-06-18,1.85,2.13,
2012-06-19,1.87,2.17,
2012-06-20,1.88,2.16,
2012-06-21,1.77,2.1,
2012-06-22,1.74,2.11,
2012-06-25,1.7,2.1,
2012-06-26,1.7,2.11,
2012-06-27,1.68,2.1,
2012-06-28,1.64,2.08,99.754
2012-06-29,1.72,2.13,
2012-07-02,1.71,2.11,
2012-07-03,1.77,2.13,
2012-07-04,,,
2012-07-05,1.8,2.13,
2012-07-06,1.76,2.1,
2012-07-09,1.77,2.1,
2012-07-10,1.79,2.12,
2012-07-11,1.79,2.11,
2012-07-12,1.76,2.08,
2012-07-13,1.78,2.11,
2012-07-16,1.78,2.11,
2012-07-17,1.78,2.12,
2012-07-18,1.79,2.12,
2012-07-19,1.82,2.16,
2012-07-20,1.77,2.16,
2012-07-23,1.75,2.15,
2012-07-24,1.7,2.12,
2012-07-25,1.68,2.1,
2012-07-26,1.71,2.11,
2012-07-27,1.79,2.19,99.704
2012-07-30,1.78,2.17,
2012-07-31,1.83,2.2,
2012-08-01,1.85,2.23,
2012-08-02,1.83,2.2,
2012-08-03,1.87,2.26,
2012-08-06,1.89,2.27,
2012-08-07,1.95,2.31,
2012-08-08,1.92,2.29,
2012-08-09,1.92,2.27,
2012-08-10,1.9,2.25,
2012-08-13,1.9,2.23,
2012-08-14,1.91,2.26,
2012-08-15,1.89,2.25,
2012-08-16,1.9,2.25,
2012-08-17,1.86,2.24,
2012-08-20,1.84,2.25,
2012-08-21,1.86,2.25,
2012-08-22,1.88,2.26,
2012-08-23,1.96,2.3,
2012-08-24,1.94,2.28,
2012-08-27,1.97,2.29,
2012-08-28,1.98,2.32,99.74
2012-08-29,1.95,2.3,
2012-08-30,1.92,2.26,
2012-08-31,1.95,2.25,
2012-09-03,,,
2012-09-04,1.97,2.27,
2012-09-05,1.98,2.29,
2012-09-06,2.01,2.31,
2012-09-07,2.03,2.35,
2012-09-10,2.08,2.36,
2012-09-11,2.11,2.38,
2012-09-12,2.12,2.38,
2012-09-13,2.23,2.47,
2012-09-14,2.39,2.64,
2012-09-17,2.31,2.59,
2012-09-18,2.23,2.55,
2012-09-19,2.19,2.54,
2012-09-20,2.21,2.5,
2012-09-21,2.18,2.48,
2012-09-24,2.15,2.47,
2012-09-25,2.15,2.44,
2012-09-26,2.09,2.41,
2012-09-27,2.11,2.44,
2012-09-28,2.11,2.42,100.075
2012-10-01,2.11,2.42,
2012-10-02,2.12,2.47,
2012-10-03,2.18,2.47,
2012-10-04,2.25,2.56,
2012-10-05,2.28,2.57,
2012-10-08,,,
2012-10-09,2.27,2.55,
2012-10-10,2.23,2.52,
2012-10-11,2.19,2.47,
2012-10-12,2.15,2.47,
2012-10-15,2.19,2.48,
2012-10-16,2.18,2.46,
2012-10-17,2.22,2.48,
2012-10-18,2.22,2.52,
2012-10-19,2.19,2.5,
2012-10-22,2.18,2.53,
2012-10-23,2.15,2.5,
2012-10-24,2.13,2.49,
2012-10-25,2.13,2.49,
2012-10-26,2.08,2.47,100.379
2012-10-29,2.09,2.47,
2012-10-30,,,
2012-10-31,2.12,2.5,
2012-11-01,2.13,2.52,
2012-11-02,2.12,2.48,
2012-11-05,2.07,2.47,
2012-11-06,2.12,2.5,
2012-11-07,2.08,2.48,
2012-11-08,2.07,2.47,
2012-11-09,2.05,2.44,
2012-11-12,,,
2012-11-13,2.04,2.43,
2012-11-14,2.02,2.4,
2012-11-15,2.0,2.38,
2012-11-16,2.01,2.39,
2012-11-19,2.03,2.39,
2012-11-20,2.05,2.4,
2012-11-21,2.05,2.4,
2012-11-22,,,
2012-11-23,2.06,2.42,
2012-11-26,2.04,2.39,
2012-11-27,2.02,2.38,
2012-11-28,1.99,2.38,100.677
2012-11-29,2.0,2.4,
2012-11-30,2.01,2.41,
2012-12-03,2.04,2.44,
2012-12-04,2.04,2.45,
2012-12-05,2.06,2.45,
2012-12-06,2.06,2.46,
2012-12-07,2.1,2.5,
2012-12-10,2.05,2.5,
2012-12-11,2.07,2.5,
2012-12-12,2.12,2.51,
2012-12-13,2.12,2.47,
2012-12-14,2.11,2.46,
2012-12-17,2.11,2.48,
2012-12-18,2.14,2.51,
2012-12-19,2.13,2.48,
2012-12-20,2.16,2.5,
2012-12-21,2.1,2.48,
2012-12-24,2.13,2.48,
2012-12-25,,,
2012-12-26,2.11,2.48,
2012-12-27,2.11,2.47,
2012-12-28,2.06,2.46,100.609
2012-12-31,2.09,2.45,
2013-01-01,,,
2013-01-02,2.12,2.48,
2013-01-03,2.11,2.46,
2013-01-04,2.13,2.48,
2013-01-07,2.16,2.52,
2013-01-08,2.15,2.49,
2013-01-09,2.18,2.52,
2013-01-10,2.2,2.53,
2013-01-11,2.18,2.52,
2013-01-14,2.12,2.55,
2013-01-15,2.2,2.52,
2013-01-16,2.18,2.49,
2013-01-17,2.19,2.53,
2013-01-18,2.2,2.53,
2013-01-21,,,
2013-01-22,2.15,2.54,
2013-01-23,2.21,2.52,
2013-01-24,2.22,2.5,
2013-01-25,2.21,2.54,
2013-01-28,2.24,2.55,100.593
2013-01-29,2.27,2.56,
2013-01-30,2.26,2.57,
2013-01-31,2.33,2.59,
2013-02-01,2.34,2.59,
2013-02-04,2.32,2.59,
2013-02-05,2.32,2.59,
2013-02-06,2.32,2.58,
2013-02-07,2.29,2.57,
2013-02-08,2.21,2.56,
2013-02-11,2.26,2.57,
2013-02-12,2.2,2.59,
2013-02-13,2.26,2.59,
2013-02-14,2.22,2.56,
2013-02-15,2.19,2.54,
2013-02-18,,,
2013-02-19,2.2,2.55,
2013-02-20,2.19,2.54,
2013-02-21,2.19,2.53,
2013-02-22,2.2,2.54,
2013-02-25,2.19,2.5,
2013-02-26,2.18,2.5,
2013-02-27,2.18,2.52,
2013-02-28,2.18,2.53,100.787
2013-03-01,2.2,2.53,
2013-03-04,2.22,2.53,
2013-03-05,2.26,2.55,
2013-03-06,2.27,2.56,
2013-03-07,2.22,2.56,
2013-03-08,2.18,2.56,
2013-03-11,2.28,2.57,
2013-03-12,2.27,2.55,
2013-03-13,2.29,2.56,
2013-03-14,2.31,2.57,
2013-03-15,2.3,2.56,
2013-03-18,2.26,2.56,
2013-03-19,2.25,2.53,
2013-03-20,2.25,2.53,
2013-03-21,2.22,2.52,
2013-03-22,2.23,2.53,
2013-03-25,2.24,2.53,
2013-03-26,2.21,2.53,
2013-03-27,2.22,2.51,
2013-03-28,2.24,2.51,101.156
2013-03-29,,,
2013-04-01,2.23,2.51,
2013-04-02,2.22,2.51,
2013-04-03,2.18,2.48,
2013-04-04,2.13,2.48,
2013-04-05,2.1,2.46,
2013-04-08,2.14,2.45,
2013-04-09,2.06,2.45,
2013-04-10,2.1,2.44,
2013-04-11,2.12,2.47,
2013-04-12,2.11,2.43,
2013-04-15,2.02,2.41,
2013-04-16,2.02,2.4,
2013-04-17,1.98,2.37,
2013-04-18,2.0,2.27,
2013-04-19,2.04,2.32,
2013-04-22,2.04,2.35,
2013-04-23,2.04,2.38,
2013-04-24,2.07,2.38,
2013-04-25,2.12,2.4,
2013-04-26,2.11,2.38,101.023
2013-04-29,2.1,2.37,
2013-04-30,2.06,2.34,
2013-05-01,1.98,2.3,
2013-05-02,1.99,2.28,
2013-05-03,2.03,2.31,
2013-05-06,2.05,2.31,
2013-05-07,2.05,2.32,
2013-05-08,2.03,2.29,
2013-05-09,2.02,2.31,
2013-05-10,2.05,2.35,
2013-05-13,2.02,2.33,
2013-05-14,2.03,2.33,
2013-05-15,2.01,2.3,
2013-05-16,1.97,2.27,
2013-05-17,1.98,2.26,
2013-05-20,2.0,2.28,
2013-05-21,1.99,2.28,
2013-05-22,1.97,2.27,
2013-05-23,1.93,2.26,
2013-05-24,1.93,2.27,
2013-05-27,,,
2013-05-28,1.96,2.29,100.944
2013-05-29,1.91,2.23,
2013-05-30,1.83,2.18,
2013-05-31,1.87,2.21,
2013-06-03,1.89,2.2,
2013-06-04,1.92,2.19,
2013-06-05,1.88,2.16,
2013-06-06,1.87,2.13,
2013-06-07,1.89,2.14,
2013-06-10,1.85,2.11,
2013-06-11,1.83,2.07,
2013-06-12,1.81,2.04,
2013-06-13,1.8,2.04,
2013-06-14,1.82,2.05,
2013-06-17,1.8,2.04,
2013-06-18,1.84,2.06,
2013-06-19,1.83,2.04,
2013-06-20,1.74,1.95,
2013-06-21,1.66,1.93,
2013-06-24,1.62,1.93,
2013-06-25,1.65,1.96,
2013-06-26,1.67,1.95,
2013-06-27,1.73,1.99,
2013-06-28,1.76,1.99,101.01
2013-07-01,1.8,2.02,
2013-07-02,1.82,2.04,
2013-07-03,1.83,2.04,
2013-07-04,,,
2013-07-05,1.87,2.07,
2013-07-08,1.87,2.07,
2013-07-09,1.86,2.06,
2013-07-10,1.87,2.06,
2013-07-11,1.82,2.04,
2013-07-12,1.84,2.06,
2013-07-15,1.86,2.1,
2013-07-16,1.89,2.14,
2013-07-17,1.9,2.14,
2013-07-18,1.89,2.18,
2013-07-19,1.91,2.21,
2013-07-22,1.91,2.22,
2013-07-23,1.9,2.2,
2013-07-24,1.87,2.17,
2013-07-25,1.83,2.17,
2013-07-26,1.83,2.15,101.228
2013-07-29,1.81,2.16,
2013-07-30,1.82,2.17,
2013-07-31,1.87,2.22,
2013-08-01,1.94,2.26,
2013-08-02,1.91,2.21,
2013-08-05,1.92,2.25,
2013-08-06,1.94,2.28,
2013-08-07,1.93,2.26,
2013-08-08,1.9,2.24,
2013-08-09,1.91,2.24,
2013-08-12,1.91,2.24,
2013-08-13,1.92,2.23,
2013-08-14,1.86,2.21,
2013-08-15,1.83,2.17,
2013-08-16,1.79,2.16,
2013-08-19,1.76,2.13,
2013-08-20,1.78,2.15,
2013-08-21,1.77,2.14,
2013-08-22,1.77,2.11,
2013-08-23,1.82,2.13,
2013-08-26,1.82,2.15,
2013-08-27,1.86,2.15,
2013-08-28,1.85,2.15,101.354
2013-08-29,1.8,2.1,
2013-08-30,1.78,2.1,
2013-09-02,,,
2013-09-03,1.76,2.1,
2013-09-04,1.74,2.07,
2013-09-05,1.71,2.06,
2013-09-06,1.71,2.07,
2013-09-09,1.69,2.06,
2013-09-10,1.74,2.1,
2013-09-11,1.76,2.13,
2013-09-12,1.75,2.11,
2013-09-13,1.75,2.1,
2013-09-16,1.76,2.12,
2013-09-17,1.79,2.16,
2013-09-18,1.84,2.2,
2013-09-19,1.83,2.21,
2013-09-20,1.85,2.23,
2013-09-23,1.84,2.26,
2013-09-24,1.77,2.19,
2013-09-25,1.79,2.18,
2013-09-26,1.77,2.19,
2013-09-27,1.76,2.18,101.51
2013-09-30,1.74,2.19,
2013-10-01,1.77,2.2,
2013-10-02,1.8,2.2,
2013-10-03,1.77,2.19,
2013-10-04,1.79,2.2,
2013-10-07,1.79,2.2,
2013-10-08,1.76,2.18,
2013-10-09,1.78,2.21,
2013-10-10,1.81,2.21,
2013-10-11,1.79,2.2,
2013-10-14,,,
2013-10-15,1.79,2.21,
2013-10-16,1.79,2.19,
2013-10-17,1.77,2.16,
2013-10-18,1.78,2.18,
2013-10-21,1.79,2.19,
2013-10-22,1.76,2.17,
2013-10-23,1.76,2.15,
2013-10-24,1.77,2.17,
2013-10-25,1.77,2.19,
2013-10-28,1.79,2.19,101.55
2013-10-29,1.76,2.18,
2013-10-30,1.77,2.18,
2013-10-31,1.74,2.17,
2013-11-01,1.7,2.15,
2013-11-04,1.71,2.13,
2013-11-05,1.72,2.14,
2013-11-06,1.77,2.19,
2013-11-07,1.76,2.17,
2013-11-08,1.77,2.18,
2013-11-11,,,
2013-11-12,1.79,2.18,
2013-11-13,1.79,2.17,
2013-11-14,1.8,2.18,
2013-11-15,1.8,2.18,
2013-11-18,1.8,2.19,
2013-11-19,1.77,2.18,
2013-11-20,1.75,2.16,
2013-11-21,1.76,2.19,
2013-11-22,1.76,2.19,
2013-11-25,1.75,2.18,
2013-11-26,1.71,2.17,
2013-11-27,1.71,2.16,
2013-11-28,,,101.722
2013-11-29,1.69,2.15,
2013-12-02,1.7,2.15,
2013-12-03,1.69,2.15,
2013-12-04,1.64,2.11,
2013-12-05,1.66,2.12,
2013-12-06,1.65,2.11,
2013-12-09,1.63,2.12,
2013-12-10,1.64,2.12,
2013-12-11,1.65,2.15,
2013-12-12,1.65,2.14,
2013-12-13,1.66,2.16,
2013-12-16,1.68,2.18,
2013-12-17,1.69,2.18,
2013-12-18,1.67,2.17,
2013-12-19,1.75,2.15,
2013-12-20,1.64,2.16,
2013-12-23,1.67,2.18,
2013-12-24,1.68,2.19,
2013-12-25,,,
2013-12-26,1.7,2.2,
2013-12-27,1.68,2.22,101.881
2013-12-30,1.64,2.23,
2013-12-31,1.69,2.24,
2014-01-01,,,
2014-01-02,1.71,2.26,
2014-01-03,1.69,2.26,
2014-01-06,1.75,2.26,
2014-01-07,1.83,2.26,
2014-01-08,1.76,2.29,
2014-01-09,1.83,2.31,
2014-01-10,1.75,2.29,
2014-01-13,1.71,2.27,
2014-01-14,1.76,2.26,
2014-01-15,1.72,2.28,
2014-01-16,1.74,2.25,
2014-01-17,1.72,2.26,
2014-01-20,,,
2014-01-21,1.71,2.26,
2014-01-22,1.79,2.25,
2014-01-23,1.72,2.13,
2014-01-24,1.68,2.14,
2014-01-27,1.72,2.14,
2014-01-28,1.71,2.15,102.084
2014-01-29,1.72,2.14,
2014-01-30,1.76,2.15,
2014-01-31,1.72,2.14,
2014-02-03,1.7,2.14,
2014-02-04,1.77,2.13,
2014-02-05,1.78,2.14,
2014-02-06,1.82,2.16,
2014-02-07,1.77,2.18,
2014-02-10,1.79,2.19,
2014-02-11,1.8,2.19,
2014-02-12,1.83,2.21,
2014-02-13,1.77,2.17,
2014-02-14,1.67,2.16,
2014-02-17,,,
2014-02-18,1.79,2.14,
2014-02-19,1.78,2.13,
2014-02-20,1.78,2.13,
2014-02-21,1.74,2.12,
2014-02-24,1.78,2.16,
2014-02-25,1.78,2.15,
2014-02-26,1.76,2.16,
2014-02-27,1.81,2.16,
2014-02-28,1.79,2.17,102.278
2014-03-03,1.78,2.16,
2014-03-04,1.79,2.18,
2014-03-05,1.8,2.18,
2014-03-06,1.84,2.21,
2014-03-07,1.83,2.23,
2014-03-10,1.88,2.22,
2014-03-11,1.86,2.2,
2014-03-12,1.82,2.19,
2014-03-13,1.75,2.17,
2014-03-14,1.74,2.17,
2014-03-17,1.8,2.18,
2014-03-18,1.77,2.18,
2014-03-19,1.73,2.16,
2014-03-20,1.75,2.13,
2014-03-21,1.79,2.14,
2014-03-24,1.79,2.15,
2014-03-25,1.7,2.14,
2014-03-26,1.75,2.14,
2014-03-27,1.73,2.13,
2014-03-28,1.72,2.13,102.338
2014-03-31,1.7,2.13,
2014-04-01,1.71,2.14,
2014-04-02,1.72,2.14,
2014-04-03,1.68,2.14,
2014-04-04,1.71,2.13,
2014-04-07,1.61,2.12,
2014-04-08,1.71,2.11,
2014-04-09,1.7,2.14,
2014-04-10,1.69,2.14,
2014-04-11,1.64,2.13,
2014-04-14,1.71,2.13,
2014-04-15,1.68,2.14,
2014-04-16,1.73,2.17,
2014-04-17,1.95,2.21,
2014-04-18,,,
2014-04-21,1.97,2.2,
2014-04-22,1.98,2.21,
2014-04-23,1.98,2.21,
2014-04-24,1.99,2.21,
2014-04-25,1.96,2.2,
2014-04-28,1.95,2.18,102.543
2014-04-29,1.95,2.18,
2014-04-30,1.96,2.18,
2014-05-01,1.96,2.2,
2014-05-02,1.95,2.19,
2014-05-05,1.92,2.18,
2014-05-06,1.91,2.16,
2014-05-07,1.92,2.2,
2014-05-08,1.93,2.19,
2014-05-09,1.92,2.18,
2014-05-12,1.91,2.18,
2014-05-13,1.89,2.16,
2014-05-14,1.92,2.17,
2014-05-15,1.96,2.19,
2014-05-16,1.94,2.18,
2014-05-19,1.93,2.17,
2014-05-20,1.92,2.17,
2014-05-21,1.95,2.18,
2014-05-22,1.97,2.21,
2014-05-23,1.97,2.22,
2014-05-26,,,
2014-05-27,1.95,2.21,
2014-05-28,1.94,2.22,102.742
2014-05-29,1.96,2.23,
2014-05-30,1.93,2.22,
2014-06-02,1.93,2.22,
2014-06-03,1.92,2.19,
2014-06-04,1.9,2.17,
2014-06-05,1.92,2.18,
2014-06-06,1.93,2.2,
2014-06-09,1.95,2.21,
2014-06-10,1.94,2.21,
2014-06-11,1.94,2.22,
2014-06-12,1.95,2.19,
2014-06-13,1.93,2.19,
2014-06-16,1.92,2.2,
2014-06-17,1.97,2.23,
2014-06-18,1.98,2.23,
2014-06-19,2.02,2.25,
2014-06-20,2.02,2.28,
2014-06-23,2.03,2.28,
2014-06-24,2.05,2.28,
2014-06-25,2.03,2.28,
2014-06-26,2.02,2.27,
2014-06-27,2.03,2.27,102.919
2014-06-30,2.0,2.26,
2014-07-01,2.0,2.26,
2014-07-02,2.01,2.26,
2014-07-03,2.03,2.28,
2014-07-04,,,
2014-07-07,2.01,2.27,
2014-07-08,1.99,2.27,
2014-07-09,1.98,2.29,
2014-07-10,2.0,2.28,
2014-07-11,1.99,2.28,
2014-07-14,1.99,2.27,
2014-07-15,1.96,2.25,
2014-07-16,1.95,2.23,
2014-07-17,1.97,2.23,
2014-07-18,1.96,2.24,
2014-07-21,1.97,2.24,
2014-07-22,1.93,2.23,
2014-07-23,1.92,2.23,
2014-07-24,1.93,2.27,
2014-07-25,1.95,2.28,
2014-07-28,1.95,2.28,103.035
2014-07-29,1.94,2.27,
2014-07-30,1.96,2.28,
2014-07-31,1.97,2.29,
2014-08-01,1.92,2.27,
2014-08-04,1.9,2.25,
2014-08-05,1.9,2.24,
2014-08-06,1.9,2.25,
2014-08-07,1.89,2.24,
2014-08-08,1.86,2.25,
2014-08-11,1.86,2.25,
2014-08-12,1.87,2.24,
2014-08-13,1.88,2.23,
2014-08-14,1.84,2.21,
2014-08-15,1.83,2.18,
2014-08-18,1.85,2.18,
2014-08-19,1.81,2.17,
2014-08-20,1.83,2.17,
2014-08-21,1.8,2.17,
2014-08-22,1.79,2.14,
2014-08-25,1.78,2.15,
2014-08-26,1.83,2.14,
2014-08-27,1.8,2.14,
2014-08-28,1.77,2.13,103.19
2014-08-29,1.76,2.12,
2014-09-01,,,
2014-09-02,1.76,2.15,
2014-09-03,1.77,2.17,
2014-09-04,1.76,2.17,
2014-09-05,1.77,2.15,
2014-09-08,1.74,2.13,
2014-09-09,1.71,2.11,
2014-09-10,1.69,2.1,
2014-09-11,1.76,2.12,
2014-09-12,1.75,2.13,
2014-09-15,1.73,2.13,
2014-09-16,1.75,2.12,
2014-09-17,1.63,2.06,
2014-09-18,1.56,2.02,
2014-09-19,1.56,2.03,
2014-09-22,1.6,1.99,
2014-09-23,1.63,2.02,
2014-09-24,1.66,2.03,
2014-09-25,1.62,2.02,
2014-09-26,1.59,1.97,103.177
2014-09-29,1.61,1.95,
2014-09-30,1.56,1.97,
2014-10-01,1.6,1.96,
2014-10-02,1.57,1.95,
2014-10-03,1.56,1.93,
2014-10-06,1.55,1.93,
2014-10-07,1.52,1.92,
2014-10-08,1.54,1.96,
2014-10-09,1.52,1.97,
2014-10-10,1.52,1.96,
2014-10-13,,,
2014-10-14,1.41,1.92,
2014-10-15,1.37,1.86,
2014-10-16,1.37,1.89,
2014-10-17,1.43,1.92,
2014-10-20,1.45,1.91,
2014-10-21,1.42,1.9,
2014-10-22,1.47,1.91,
2014-10-23,1.43,1.91,
2014-10-24,1.46,1.9,
2014-10-27,1.44,1.89,
2014-10-28,1.47,1.91,103.203
2014-10-29,1.47,1.92,
2014-10-30,1.49,1.9,
2014-10-31,1.53,1.92,
2014-11-03,1.55,1.93,
2014-11-04,1.49,1.92,
2014-11-05,1.54,1.93,
2014-11-06,1.58,1.94,
2014-11-07,1.59,1.94,
2014-11-10,1.58,1.94,
2014-11-11,,,
2014-11-12,1.53,1.91,
2014-11-13,1.48,1.88,
2014-11-14,1.45,1.89,
2014-11-17,1.42,1.86,
2014-11-18,1.42,1.84,
2014-11-19,1.39,1.83,
2014-11-20,1.41,1.85,
2014-11-21,1.44,1.86,
2014-11-24,1.43,1.86,
2014-11-25,1.47,1.85,
2014-11-26,1.44,1.82,
2014-11-27,,,
2014-11-28,1.39,1.79,103.177
2014-12-01,1.39,1.79,
2014-12-02,1.36,1.77,
2014-12-03,1.38,1.79,
2014-12-04,1.36,1.77,
2014-12-05,1.35,1.75,
2014-12-08,1.24,1.71,
2014-12-09,1.34,1.73,
2014-12-10,1.27,1.71,
2014-12-11,1.27,1.7,
2014-12-12,1.2,1.64,
2014-12-15,1.17,1.62,
2014-12-16,1.21,1.65,
2014-12-17,1.22,1.65,
2014-12-18,1.2,1.65,
2014-12-19,1.27,1.68,
2014-12-22,1.29,1.7,
2014-12-23,1.3,1.7,
2014-12-24,1.26,1.68,
2014-12-25,,,
2014-12-26,1.26,1.67,103.098
2014-12-29,1.22,1.65,
2014-12-30,1.21,1.64,
2014-12-31,1.27,1.68,
2015-01-01,,,
2015-01-02,1.3,1.71,
2015-01-05,1.25,1.64,
2015-01-06,1.16,1.56,
2015-01-07,1.16,1.57,
2015-01-08,1.21,1.62,
2015-01-09,1.2,1.62,
2015-01-12,1.16,1.57,
2015-01-13,1.05,1.54,
2015-01-14,1.18,1.57,
2015-01-15,1.18,1.58,
2015-01-16,1.19,1.6,
2015-01-19,,,
2015-01-20,1.19,1.59,
2015-01-21,1.17,1.61,
2015-01-22,1.19,1.61,
2015-01-23,1.21,1.6,
2015-01-26,1.24,1.61,
2015-01-27,1.29,1.66,
2015-01-28,1.24,1.61,102.94
2015-01-29,1.31,1.62,
2015-01-30,1.29,1.65,
2015-02-02,1.32,1.65,
2015-02-03,1.4,1.7,
2015-02-04,1.35,1.71,
2015-02-05,1.38,1.7,
2015-02-06,1.36,1.71,
2015-02-09,1.36,1.71,
2015-02-10,1.32,1.7,
2015-02-11,1.32,1.68,
2015-02-12,1.37,1.66,
2015-02-13,1.32,1.68,
2015-02-16,,,
2015-02-17,1.33,1.71,
2015-02-18,1.32,1.71,
2015-02-19,1.35,1.74,
2015-02-20,1.37,1.75,
2015-02-23,1.34,1.72,
2015-02-24,1.33,1.72,
2015-02-25,1.36,1.72,
2015-02-26,1.49,1.79,
2015-02-27,1.49,1.83,102.465
2015-03-02,1.54,1.83,
2015-03-03,1.57,1.86,
2015-03-04,1.61,1.87,
2015-03-05,1.53,1.84,
2015-03-06,1.55,1.83,
2015-03-09,1.47,1.76,
2015-03-10,1.36,1.73,
2015-03-11,1.45,1.72,
2015-03-12,1.41,1.71,
2015-03-13,1.4,1.69,
2015-03-16,1.27,1.65,
2015-03-17,1.34,1.64,
2015-03-18,1.33,1.7,
2015-03-19,1.49,1.79,
2015-03-20,1.5,1.76,
2015-03-23,1.48,1.75,
2015-03-24,1.53,1.77,
2015-03-25,1.56,1.81,
2015-03-26,1.57,1.8,
2015-03-27,1.54,1.76,102.634
2015-03-30,1.49,1.73,
2015-03-31,1.51,1.76,
2015-04-01,1.58,1.8,
2015-04-02,1.56,1.81,
2015-04-03,1.58,1.83,
2015-04-06,1.6,1.85,
2015-04-07,1.6,1.85,
2015-04-08,1.58,1.84,
2015-04-09,1.59,1.84,
2015-04-10,1.56,1.82,
2015-04-13,1.55,1.8,
2015-04-14,1.55,1.8,
2015-04-15,1.59,1.84,
2015-04-16,1.58,1.85,
2015-04-17,1.65,1.89,
2015-04-20,1.6,1.89,
2015-04-21,1.59,1.86,
2015-04-22,1.6,1.87,
2015-04-23,1.7,1.89,
2015-04-24,1.71,1.89,
2015-04-27,1.71,1.91,
2015-04-28,1.69,1.89,102.831
2015-04-29,1.7,1.92,
2015-04-30,1.72,1.94,
2015-05-01,1.72,1.94,
2015-05-04,1.69,1.92,
2015-05-05,1.72,1.94,
2015-05-06,1.69,1.91,
2015-05-07,1.66,1.88,
2015-05-08,1.66,1.88,
2015-05-11,1.64,1.88,
2015-05-12,1.65,1.88,
2015-05-13,1.67,1.86,
2015-05-14,1.65,1.87,
2015-05-15,1.62,1.83,
2015-05-18,1.64,1.86,
2015-05-19,1.62,1.85,
2015-05-20,1.65,1.88,
2015-05-21,1.63,1.84,
2015-05-22,1.65,1.87,
2015-05-25,,,
2015-05-26,1.59,1.82,
2015-05-27,1.54,1.8,
2015-05-28,1.53,1.8,102.91
2015-05-29,1.57,1.8,
2015-06-01,1.55,1.8,
2015-06-02,1.59,1.83,
2015-06-03,1.59,1.83,
2015-06-04,1.59,1.81,
2015-06-05,1.64,1.86,
2015-06-08,1.63,1.85,
2015-06-09,1.65,1.86,
2015-06-10,1.66,1.87,
2015-06-11,1.63,1.83,
2015-06-12,1.64,1.84,
2015-06-15,1.64,1.85,
2015-06-16,1.67,1.88,
2015-06-17,1.69,1.9,
2015-06-18,1.67,1.89,
2015-06-19,1.63,1.86,
2015-06-22,1.65,1.9,
2015-06-23,1.67,1.92,
2015-06-24,1.64,1.9,
2015-06-25,1.63,1.91,
2015-06-26,1.66,1.92,103.156
2015-06-29,1.59,1.87,
2015-06-30,1.61,1.87,
2015-07-01,1.6,1.89,
2015-07-02,1.62,1.91,
2015-07-03,,,
2015-07-06,1.57,1.87,
2015-07-07,1.57,1.87,
2015-07-08,1.54,1.83,
2015-07-09,1.56,1.85,
2015-07-10,1.58,1.87,
2015-07-13,1.56,1.86,
2015-07-14,1.55,1.85,
2015-07-15,1.53,1.84,
2015-07-16,1.52,1.84,
2015-07-17,1.5,1.83,
2015-07-20,1.49,1.82,
2015-07-21,1.49,1.82,
2015-07-22,1.48,1.8,
2015-07-23,1.45,1.79,
2015-07-24,1.4,1.76,
2015-07-27,1.35,1.73,
2015-07-28,1.38,1.75,103.356
2015-07-29,1.4,1.77,
2015-07-30,1.4,1.77,
2015-07-31,1.36,1.74,
2015-08-03,1.31,1.7,
2015-08-04,1.31,1.71,
2015-08-05,1.31,1.7,
2015-08-06,1.31,1.67,
2015-08-07,1.28,1.66,
2015-08-10,1.3,1.69,
2015-08-11,1.27,1.66,
2015-08-12,1.27,1.62,
2015-08-13,1.24,1.62,
2015-08-14,1.25,1.62,
2015-08-17,1.22,1.58,
2015-08-18,1.21,1.58,
2015-08-19,1.17,1.57,
2015-08-20,1.17,1.56,
2015-08-21,1.13,1.53,
2015-08-24,1.11,1.49,
2015-08-25,1.15,1.53,
2015-08-26,1.13,1.53,
2015-08-27,1.2,1.58,
2015-08-28,1.22,1.61,103.441
2015-08-31,1.26,1.63,
2015-09-01,1.18,1.57,
2015-09-02,1.19,1.56,
2015-09-03,1.16,1.54,
2015-09-04,1.14,1.51,
2015-09-07,,,
2015-09-08,1.15,1.53,
2015-09-09,1.15,1.56,
2015-09-10,1.21,1.59,
2015-09-11,1.21,1.59,
2015-09-14,1.19,1.56,
2015-09-15,1.2,1.56,
2015-09-16,1.21,1.57,
2015-09-17,1.24,1.58,
2015-09-18,1.19,1.55,
2015-09-21,1.19,1.54,
2015-09-22,1.15,1.51,
2015-09-23,1.16,1.52,
2015-09-24,1.11,1.49,
2015-09-25,1.11,1.46,
2015-09-28,1.02,1.39,103.442
2015-09-29,1.03,1.39,
2015-09-30,1.07,1.41,
2015-10-01,1.13,1.46,
2015-10-02,1.15,1.48,
2015-10-05,1.18,1.51,
2015-10-06,1.22,1.52,
2015-10-07,1.22,1.55,
2015-10-08,1.26,1.58,
2015-10-09,1.22,1.54,
2015-10-12,,,
2015-10-13,1.18,1.52,
2015-10-14,1.15,1.49,
2015-10-15,1.18,1.5,
2015-10-16,1.18,1.48,
2015-10-19,1.13,1.45,
2015-10-20,1.16,1.48,
2015-10-21,1.13,1.45,
2015-10-22,1.14,1.47,
2015-10-23,1.19,1.51,
2015-10-26,1.16,1.48,
2015-10-27,1.15,1.48,
2015-10-28,1.14,1.47,103.289
2015-10-29,1.19,1.52,
2015-10-30,1.2,1.53,
2015-11-02,1.23,1.55,
2015-11-03,1.27,1.58,
2015-11-04,1.26,1.57,
2015-11-05,1.23,1.55,
2015-11-06,1.25,1.59,
2015-11-09,1.28,1.6,
2015-11-10,1.25,1.55,
2015-11-11,,,
2015-11-12,1.24,1.54,
2015-11-13,1.21,1.52,
2015-11-16,1.2,1.51,
2015-11-17,1.23,1.53,
2015-11-18,1.25,1.56,
2015-11-19,1.27,1.56,
2015-11-20,1.31,1.6,
2015-11-23,1.33,1.61,
2015-11-24,1.33,1.62,
2015-11-25,1.31,1.61,
2015-11-26,,,
2015-11-27,1.31,1.6,103.274
2015-11-30,1.3,1.59,
2015-12-01,1.29,1.57,
2015-12-02,1.27,1.56,
2015-12-03,1.33,1.61,
2015-12-04,1.3,1.6,
2015-12-07,1.25,1.56,
2015-12-08,1.25,1.56,
2015-12-09,1.21,1.53,
2015-12-10,1.2,1.51,
2015-12-11,1.17,1.46,
2015-12-14,1.17,1.45,
2015-12-15,1.22,1.48,
2015-12-16,1.2,1.46,
2015-12-17,1.21,1.47,
2015-12-18,1.21,1.46,
2015-12-21,1.19,1.45,
2015-12-22,1.19,1.46,
2015-12-23,1.25,1.51,
2015-12-24,1.23,1.52,
2015-12-25,,,
2015-12-28,1.24,1.5,103.337
2015-12-29,1.28,1.53,
2015-12-30,1.28,1.54,
2015-12-31,1.31,1.54,
2016-01-01,,,
2016-01-04,1.31,1.55,
2016-01-05,1.31,1.56,
2016-01-06,1.26,1.53,
2016-01-07,1.25,1.5,
2016-01-08,1.23,1.48,
2016-01-11,1.19,1.45,
2016-01-12,1.19,1.43,
2016-01-13,1.18,1.43,
2016-01-14,1.2,1.43,
2016-01-15,1.12,1.36,
2016-01-18,,,
2016-01-19,1.16,1.38,
2016-01-20,1.1,1.32,
2016-01-21,1.08,1.28,
2016-01-22,1.15,1.35,
2016-01-25,1.15,1.34,
2016-01-26,1.17,1.36,
2016-01-27,1.18,1.4,
2016-01-28,1.2,1.42,103.253
2016-01-29,1.19,1.41,
2016-02-01,1.2,1.4,
2016-02-02,1.14,1.36,
2016-02-03,1.16,1.38,
2016-02-04,1.13,1.36,
2016-02-05,1.07,1.33,
2016-02-08,0.97,1.23,
2016-02-09,0.93,1.21,
2016-02-10,0.95,1.21,
2016-02-11,0.94,1.18,
2016-02-12,1.03,1.25,
2016-02-15,,,
2016-02-16,1.03,1.25,
2016-02-17,1.04,1.28,
2016-02-18,1.02,1.24,
2016-02-19,1.06,1.26,
2016-02-22,1.11,1.31,
2016-02-23,1.13,1.32,
2016-02-24,1.15,1.36,
2016-02-25,1.18,1.39,
2016-02-26,1.2,1.41,103.306
2016-02-29,1.23,1.42,
2016-03-01,1.29,1.48,
2016-03-02,1.34,1.51,
2016-03-03,1.36,1.53,
2016-03-04,1.36,1.51,
2016-03-07,1.36,1.48,
2016-03-08,1.33,1.46,
2016-03-09,1.37,1.51,
2016-03-10,1.35,1.48,
2016-03-11,1.41,1.54,
2016-03-14,1.38,1.52,
2016-03-15,1.35,1.5,
2016-03-16,1.45,1.58,
2016-03-17,1.46,1.57,
2016-03-18,1.47,1.61,
2016-03-21,1.5,1.64,
2016-03-22,1.48,1.63,
2016-03-23,1.44,1.58,
2016-03-24,1.42,1.57,
2016-03-25,,,
2016-03-28,1.4,1.56,103.242
2016-03-29,1.47,1.61,
2016-03-30,1.52,1.65,
2016-03-31,1.49,1.62,
2016-04-01,1.49,1.62,
2016-04-04,1.48,1.64,
2016-04-05,1.43,1.59,
2016-04-06,1.43,1.59,
2016-04-07,1.41,1.58,
2016-04-08,1.43,1.58,
2016-04-11,1.41,1.56,
2016-04-12,1.39,1.57,
2016-04-13,1.43,1.56,
2016-04-14,1.42,1.56,
2016-04-15,1.42,1.56,
2016-04-18,1.41,1.57,
2016-04-19,1.46,1.6,
2016-04-20,1.49,1.62,
2016-04-21,1.56,1.64,
2016-04-22,1.56,1.64,
2016-04-25,1.56,1.65,
2016-04-26,1.56,1.67,
2016-04-27,1.57,1.68,
2016-04-28,1.61,1.72,103.481
2016-04-29,1.6,1.71,
2016-05-02,1.58,1.68,
2016-05-03,1.54,1.64,
2016-05-04,1.52,1.63,
2016-05-05,1.52,1.63,
2016-05-06,1.51,1.61,
2016-05-09,1.5,1.59,
2016-05-10,1.53,1.62,
2016-05-11,1.53,1.59,
2016-05-12,1.53,1.6,
2016-05-13,1.52,1.58,
2016-05-16,1.53,1.6,
2016-05-17,1.56,1.61,
2016-05-18,1.54,1.61,
2016-05-19,1.51,1.56,
2016-05-20,1.51,1.56,
2016-05-23,1.49,1.54,
2016-05-24,1.51,1.55,
2016-05-25,1.51,1.58,
2016-05-26,1.51,1.58,
2016-05-27,1.51,1.58,103.823
2016-05-30,,,
2016-05-31,1.47,1.54,
2016-06-01,1.47,1.54,
2016-06-02,1.48,1.54,
2016-06-03,1.45,1.52,
2016-06-06,1.49,1.54,
2016-06-07,1.51,1.57,
2016-06-08,1.54,1.59,
2016-06-09,1.53,1.56,
2016-06-10,1.49,1.52,
2016-06-13,1.45,1.47,
2016-06-14,1.45,1.45,
2016-06-15,1.47,1.47,
2016-06-16,1.42,1.42,
2016-06-17,1.43,1.42,
2016-06-20,1.43,1.43,
2016-06-21,1.41,1.43,
2016-06-22,1.41,1.44,
2016-06-23,1.47,1.5,
2016-06-24,1.36,1.42,
2016-06-27,1.27,1.34,
2016-06-28,1.32,1.37,103.977
2016-06-29,1.36,1.4,
2016-06-30,1.38,1.4,
2016-07-01,1.43,1.43,
2016-07-04,,,
2016-07-05,1.39,1.4,
2016-07-06,1.41,1.43,
2016-07-07,1.41,1.43,
2016-07-08,1.39,1.43,
2016-07-11,1.41,1.42,
2016-07-12,1.46,1.46,
2016-07-13,1.43,1.45,
2016-07-14,1.44,1.45,
2016-07-15,1.44,1.49,
2016-07-18,1.41,1.49,
2016-07-19,1.39,1.44,
2016-07-20,1.4,1.46,
2016-07-21,1.38,1.52,
2016-07-22,1.36,1.51,
2016-07-25,1.34,1.5,
2016-07-26,1.33,1.5,
2016-07-27,1.31,1.49,
2016-07-28,1.33,1.52,104.175
2016-07-29,1.31,1.49,
2016-08-01,1.27,1.46,
2016-08-02,1.25,1.44,
2016-08-03,1.28,1.46,
2016-08-04,1.3,1.47,
2016-08-05,1.33,1.5,
2016-08-08,1.34,1.51,
2016-08-09,1.3,1.49,
2016-08-10,1.27,1.44,
2016-08-11,1.32,1.47,
2016-08-12,1.29,1.44,
2016-08-15,1.3,1.45,
2016-08-16,1.28,1.44,
2016-08-17,1.31,1.47,
2016-08-18,1.32,1.47,
2016-08-19,1.34,1.48,
2016-08-22,1.34,1.47,
2016-08-23,1.34,1.48,
2016-08-24,1.32,1.48,
2016-08-25,1.33,1.49,
2016-08-26,1.31,1.47,104.218
2016-08-29,1.29,1.46,
2016-08-30,1.28,1.46,
2016-08-31,1.27,1.47,
2016-09-01,1.24,1.45,
2016-09-02,1.28,1.47,
2016-09-05,,,
2016-09-06,1.29,1.49,
2016-09-07,1.3,1.51,
2016-09-08,1.34,1.52,
2016-09-09,1.32,1.5,
2016-09-12,1.33,1.51,
2016-09-13,1.31,1.49,
2016-09-14,1.3,1.49,
2016-09-15,1.31,1.49,
2016-09-16,1.34,1.51,
2016-09-19,1.35,1.5,
2016-09-20,1.33,1.49,
2016-09-21,1.37,1.51,
2016-09-22,1.4,1.55,
2016-09-23,1.42,1.57,
2016-09-26,1.4,1.54,
2016-09-27,1.38,1.52,
2016-09-28,1.44,1.56,104.374
2016-09-29,1.44,1.54,
2016-09-30,1.45,1.6,
2016-10-03,1.47,1.63,
2016-10-04,1.45,1.62,
2016-10-05,1.48,1.62,
2016-10-06,1.49,1.64,
2016-10-07,1.5,1.63,
2016-10-10,,,
2016-10-11,1.51,1.64,
2016-10-12,1.51,1.64,
2016-10-13,1.5,1.63,
2016-10-14,1.53,1.67,
2016-10-17,1.55,1.68,
2016-10-18,1.54,1.66,
2016-10-19,1.56,1.68,
2016-10-20,1.56,1.68,
2016-10-21,1.56,1.67,
2016-10-24,1.53,1.66,
2016-10-25,1.57,1.7,
2016-10-26,1.58,1.71,
2016-10-27,1.57,1.72,
2016-10-28,1.6,1.73,104.555
2016-10-31,1.59,1.73,
2016-11-01,1.59,1.72,
2016-11-02,1.55,1.7,
2016-11-03,1.52,1.68,
2016-11-04,1.52,1.68,
2016-11-07,1.56,1.71,
2016-11-08,1.57,1.73,
2016-11-09,1.67,1.82,
2016-11-10,1.7,1.88,
2016-11-11,,,
2016-11-14,1.65,1.83,
2016-11-15,1.67,1.82,
2016-11-16,1.66,1.83,
2016-11-17,1.71,1.87,
2016-11-18,1.74,1.9,
2016-11-21,1.74,1.91,
2016-11-22,1.75,1.9,
2016-11-23,1.74,1.92,
2016-11-24,,,
2016-11-25,1.74,1.89,
2016-11-28,1.69,1.85,104.786
2016-11-29,1.69,1.86,
2016-11-30,1.77,1.94,
2016-12-01,1.81,1.97,
2016-12-02,1.76,1.91,
2016-12-05,1.79,1.94,
2016-12-06,1.8,1.95,
2016-12-07,1.78,1.92,
2016-12-08,1.83,1.95,
2016-12-09,1.83,1.96,
2016-12-12,1.86,1.98,
2016-12-13,1.86,1.95,
2016-12-14,1.82,1.94,
2016-12-15,1.78,1.9,
2016-12-16,1.75,1.86,
2016-12-19,1.74,1.86,
2016-12-20,1.8,1.9,
2016-12-21,1.74,1.91,
2016-12-22,1.86,1.95,
2016-12-23,1.84,1.97,
2016-12-26,,,
2016-12-27,1.88,1.99,
2016-12-28,1.85,1.95,104.826
2016-12-29,1.81,1.94,
2016-12-30,1.84,1.95,
2017-01-02,,,
2017-01-03,1.86,1.98,
2017-01-04,1.86,1.99,
2017-01-05,1.83,1.95,
2017-01-06,1.84,1.96,
2017-01-09,1.85,1.95,
2017-01-10,1.84,1.95,
2017-01-11,1.85,1.99,
2017-01-12,1.87,1.98,
2017-01-13,1.85,1.99,
2017-01-16,,,
2017-01-17,1.84,1.97,
2017-01-18,1.86,2.0,
2017-01-19,1.9,2.04,
2017-01-20,1.92,2.04,
2017-01-23,1.86,2.02,
2017-01-24,1.93,2.06,
2017-01-25,1.96,2.08,
2017-01-26,1.94,2.08,
2017-01-27,1.96,2.08,105.017
2017-01-30,1.95,2.07,
2017-01-31,1.94,2.05,
2017-02-01,1.92,2.05,
2017-02-02,1.93,2.05,
2017-02-03,1.91,2.05,
2017-02-06,1.91,2.02,
2017-02-07,1.87,2.0,
2017-02-08,1.82,1.96,
2017-02-09,1.86,1.99,
2017-02-10,1.87,2.01,
2017-02-13,1.87,2.0,
2017-02-14,1.87,2.01,
2017-02-15,1.93,2.06,
2017-02-16,1.9,2.02,
2017-02-17,1.85,2.01,
2017-02-20,,,
2017-02-21,1.87,2.03,
2017-02-22,1.92,2.04,
2017-02-23,1.9,2.03,
2017-02-24,1.9,2.0,
2017-02-27,1.86,2.01,
2017-02-28,1.89,2.02,105.41
2017-03-01,1.84,2.03,
2017-03-02,1.84,2.01,
2017-03-03,1.92,2.04,
2017-03-06,1.9,2.01,
2017-03-07,1.92,2.03,
2017-03-08,1.9,2.01,
2017-03-09,1.89,2.0,
2017-03-10,1.9,2.01,
2017-03-13,1.86,2.01,
2017-03-14,1.88,1.99,
2017-03-15,1.84,2.01,
2017-03-16,1.87,2.02,
2017-03-17,1.89,2.01,
2017-03-20,1.86,2.0,
2017-03-21,1.8,1.98,
2017-03-22,1.79,1.97,
2017-03-23,1.75,1.95,
2017-03-24,1.73,1.98,
2017-03-27,1.75,1.97,
2017-03-28,1.73,1.97,105.502
2017-03-29,1.8,1.98,
2017-03-30,1.81,1.96,
2017-03-31,1.77,1.97,
2017-04-03,1.73,1.96,
2017-04-04,1.77,1.96,
2017-04-05,1.77,1.97,
2017-04-06,1.71,1.95,
2017-04-07,1.7,1.94,
2017-04-10,1.69,1.93,
2017-04-11,1.7,1.91,
2017-04-12,1.69,1.9,
2017-04-13,1.74,1.92,
2017-04-14,,,
2017-04-17,1.69,1.88,
2017-04-18,1.65,1.85,
2017-04-19,1.66,1.85,
2017-04-20,1.82,1.85,
2017-04-21,1.79,1.84,
2017-04-24,1.81,1.87,
2017-04-25,1.85,1.91,
2017-04-26,1.83,1.9,
2017-04-27,1.81,1.91,
2017-04-28,1.81,1.92,105.448
2017-05-01,1.8,1.92,
2017-05-02,1.77,1.88,
2017-05-03,1.76,1.87,
2017-05-04,1.72,1.86,
2017-05-05,1.75,1.86,
2017-05-08,1.75,1.86,
2017-05-09,1.74,1.86,
2017-05-10,1.78,1.85,
2017-05-11,1.82,1.88,
2017-05-12,1.75,1.84,
2017-05-15,1.74,1.82,
2017-05-16,1.74,1.82,
2017-05-17,1.7,1.78,
2017-05-18,1.72,1.8,
2017-05-19,1.75,1.82,
2017-05-22,1.75,1.82,
2017-05-23,1.77,1.83,
2017-05-24,1.73,1.81,
2017-05-25,1.7,1.8,
2017-05-26,1.73,1.81,105.732
2017-05-29,,,
2017-05-30,1.73,1.81,
2017-05-31,1.72,1.81,
2017-06-01,1.73,1.81,
2017-06-02,1.72,1.79,
2017-06-05,1.72,1.79,
2017-06-06,1.71,1.77,
2017-06-07,1.69,1.78,
2017-06-08,1.69,1.78,
2017-06-09,1.68,1.78,
2017-06-12,1.67,1.75,
2017-06-13,1.67,1.75,
2017-06-14,1.59,1.71,
2017-06-15,1.56,1.67,
2017-06-16,1.56,1.67,
2017-06-19,1.56,1.67,
2017-06-20,1.54,1.66,
2017-06-21,1.54,1.66,
2017-06-22,1.57,1.69,
2017-06-23,1.59,1.7,
2017-06-26,1.61,1.71,
2017-06-27,1.62,1.71,
2017-06-28,1.65,1.73,105.703
2017-06-29,1.62,1.72,
2017-06-30,1.63,1.73,
2017-07-03,1.66,1.75,
2017-07-04,,,
2017-07-05,1.65,1.75,
2017-07-06,1.66,1.76,
2017-07-07,1.63,1.73,
2017-07-10,1.6,1.72,
2017-07-11,1.61,1.75,
2017-07-12,1.63,1.76,
2017-07-13,1.64,1.77,
2017-07-14,1.62,1.76,
2017-07-17,1.64,1.77,
2017-07-18,1.62,1.76,
2017-07-19,1.65,1.76,
2017-07-20,1.62,1.77,
2017-07-21,1.62,1.76,
2017-07-24,1.62,1.78,
2017-07-25,1.67,1.81,
2017-07-26,1.66,1.8,
2017-07-27,1.68,1.83,
2017-07-28,1.68,1.83,105.818
2017-07-31,1.67,1.82,
2017-08-01,1.62,1.79,
2017-08-02,1.63,1.79,
2017-08-03,1.62,1.78,
2017-08-04,1.65,1.8,
2017-08-07,1.65,1.8,
2017-08-08,1.69,1.83,
2017-08-09,1.7,1.82,
2017-08-10,1.68,1.8,
2017-08-11,1.64,1.79,
2017-08-14,1.59,1.77,
2017-08-15,1.63,1.78,
2017-08-16,1.62,1.78,
2017-08-17,1.61,1.77,
2017-08-18,1.61,1.76,
2017-08-21,1.59,1.75,
2017-08-22,1.61,1.77,
2017-08-23,1.58,1.75,
2017-08-24,1.6,1.75,
2017-08-25,1.57,1.75,
2017-08-28,1.56,1.75,105.844
2017-08-29,1.54,1.74,
2017-08-30,1.57,1.76,
2017-08-31,1.58,1.76,
2017-09-01,1.63,1.79,
2017-09-04,,,
2017-09-05,1.58,1.77,
2017-09-06,1.6,1.78,
2017-09-07,1.61,1.79,
2017-09-08,1.63,1.81,
2017-09-11,1.63,1.83,
2017-09-12,1.67,1.84,
2017-09-13,1.68,1.85,
2017-09-14,1.7,1.85,
2017-09-15,1.72,1.85,
2017-09-18,1.74,1.87,
2017-09-19,1.74,1.87,
2017-09-20,1.71,1.85,
2017-09-21,1.7,1.83,
2017-09-22,1.71,1.84,
2017-09-25,1.72,1.84,
2017-09-26,1.72,1.84,
2017-09-27,1.74,1.87,
2017-09-28,1.73,1.87,106.074
2017-09-29,1.68,1.84,
2017-10-02,1.73,1.83,
2017-10-03,1.68,1.84,
2017-10-04,1.73,1.85,
2017-10-05,1.74,1.86,
2017-10-06,1.78,1.87,
2017-10-09,,,
2017-10-10,1.75,1.88,
2017-10-11,1.75,1.89,
2017-10-12,1.79,1.89,
2017-10-13,1.71,1.85,
2017-10-16,1.66,1.84,
2017-10-17,1.69,1.82,
2017-10-18,1.69,1.84,
2017-10-19,1.66,1.84,
2017-10-20,1.76,1.87,
2017-10-23,1.69,1.86,
2017-10-24,1.73,1.87,
2017-10-25,1.74,1.88,
2017-10-26,1.76,1.89,
2017-10-27,1.76,1.88,106.52
2017-10-30,1.77,1.87,
2017-10-31,1.79,1.88,
2017-11-01,1.71,1.88,
2017-11-02,1.79,1.87,
2017-11-03,1.74,1.86,
2017-11-06,1.77,1.86,
2017-11-07,1.8,1.88,
2017-11-08,1.77,1.87,
2017-11-09,1.8,1.87,
2017-11-10,1.78,1.88,
2017-11-13,1.79,1.88,
2017-11-14,1.79,1.87,
2017-11-15,1.78,1.85,
2017-11-16,1.79,1.84,
2017-11-17,1.75,1.86,
2017-11-20,1.74,1.85,
2017-11-21,1.75,1.84,
2017-11-22,1.75,1.84,
2017-11-23,,,
2017-11-24,1.71,1.84,
2017-11-27,1.69,1.83,
2017-11-28,1.69,1.84,106.692
2017-11-29,1.69,1.84,
2017-11-30,1.73,1.86,
2017-12-01,1.72,1.86,
2017-12-04,1.76,1.87,
2017-12-05,1.69,1.86,
2017-12-06,1.74,1.86,
2017-12-07,1.74,1.87,
2017-12-08,1.71,1.88,
2017-12-11,1.76,1.88,
2017-12-12,1.78,1.89,
2017-12-13,1.74,1.88,
2017-12-14,1.76,1.87,
2017-12-15,1.77,1.88,
2017-12-18,1.71,1.89,
2017-12-19,1.74,1.91,
2017-12-20,1.74,1.92,
2017-12-21,1.84,1.93,
2017-12-22,1.82,1.94,
2017-12-25,,,
2017-12-26,1.76,1.94,
2017-12-27,1.82,1.94,
2017-12-28,1.86,1.96,106.88
2017-12-29,1.86,1.96,
2018-01-01,,,
2018-01-02,1.9,2.0,
2018-01-03,1.87,1.98,
2018-01-04,1.92,2.01,
2018-01-05,1.95,2.01,
2018-01-08,1.91,2.02,
2018-01-09,1.95,2.03,
2018-01-10,1.94,2.03,
2018-01-11,1.89,2.0,
2018-01-12,1.92,2.01,
2018-01-15,,,
2018-01-16,1.94,2.03,
2018-01-17,1.9,2.04,
2018-01-18,1.99,2.05,
2018-01-19,2.0,2.06,
2018-01-22,2.0,2.06,
2018-01-23,1.92,2.06,
2018-01-24,1.96,2.07,
2018-01-25,1.91,2.07,
2018-01-26,1.93,2.09,106.995
2018-01-29,1.92,2.09,
2018-01-30,1.97,2.1,
2018-01-31,1.98,2.11,
2018-02-01,1.93,2.11,
2018-02-02,1.93,2.14,
2018-02-05,1.95,2.1,
2018-02-06,1.88,2.1,
2018-02-07,1.9,2.1,
2018-02-08,1.89,2.09,
2018-02-09,1.83,2.05,
2018-02-12,1.84,2.07,
2018-02-13,1.88,2.05,
2018-02-14,1.91,2.09,
2018-02-15,2.0,2.11,
2018-02-16,2.0,2.09,
2018-02-19,,,
2018-02-20,2.04,2.1,
2018-02-21,2.06,2.12,
2018-02-22,2.06,2.11,
2018-02-23,2.04,2.12,
2018-02-26,2.07,2.13,
2018-02-27,2.09,2.13,
2018-02-28,2.04,2.12,107.354
2018-03-01,2.03,2.1,
2018-03-02,2.03,2.12,
2018-03-05,2.05,2.13,
2018-03-06,2.1,2.12,
2018-03-07,2.1,2.13,
2018-03-08,2.08,2.11,
2018-03-09,1.96,2.12,
2018-03-12,2.02,2.1,
2018-03-13,2.05,2.09,
2018-03-14,2.04,2.07,
2018-03-15,2.07,2.08,
2018-03-16,2.05,2.08,
2018-03-19,2.04,2.08,
2018-03-20,2.05,2.08,
2018-03-21,1.96,2.09,
2018-03-22,2.03,2.08,
2018-03-23,2.01,2.07,
2018-03-26,2.01,2.08,
2018-03-27,1.94,2.07,
2018-03-28,1.91,2.05,107.574
2018-03-29,1.92,2.05,
2018-03-30,,,
2018-04-02,1.99,2.05,
2018-04-03,1.99,2.08,
2018-04-04,2.04,2.08,
2018-04-05,1.93,2.08,
2018-04-06,2.01,2.07,
2018-04-09,2.02,2.07,
2018-04-10,2.0,2.08,
2018-04-11,2.06,2.11,
2018-04-12,2.05,2.13,
2018-04-13,2.01,2.13,
2018-04-16,2.08,2.12,
2018-04-17,2.01,2.14,
2018-04-18,2.04,2.16,
2018-04-19,2.12,2.17,
2018-04-20,2.1,2.17,
2018-04-23,2.11,2.18,
2018-04-24,2.1,2.17,
2018-04-25,2.09,2.17,
2018-04-26,2.1,2.18,
2018-04-27,2.09,2.17,107.744
2018-04-30,2.1,2.17,
2018-05-01,2.09,2.16,
2018-05-02,2.09,2.17,
2018-05-03,2.09,2.16,
2018-05-04,2.09,2.16,
2018-05-07,2.11,2.17,
2018-05-08,2.1,2.16,
2018-05-09,2.13,2.18,
2018-05-10,2.12,2.17,
2018-05-11,2.13,2.15,
2018-05-14,2.12,2.15,
2018-05-15,2.15,2.18,
2018-05-16,2.16,2.17,
2018-05-17,2.16,2.16,
2018-05-18,2.14,2.15,
2018-05-21,2.15,2.16,
2018-05-22,2.13,2.15,
2018-05-23,2.12,2.14,
2018-05-24,2.11,2.12,
2018-05-25,2.04,2.09,
2018-05-28,,,108.008
2018-05-29,1.98,2.04,
2018-05-30,2.0,2.06,
2018-05-31,2.03,2.07,
2018-06-01,2.06,2.09,
2018-06-04,2.06,2.12,
2018-06-05,2.05,2.13,
2018-06-06,2.06,2.14,
2018-06-07,2.08,2.13,
2018-06-08,2.06,2.11,
2018-06-11,2.08,2.13,
2018-06-12,2.07,2.13,
2018-06-13,2.09,2.12,
2018-06-14,2.07,2.12,
2018-06-15,2.08,2.12,
2018-06-18,2.08,2.12,
2018-06-19,2.07,2.12,
2018-06-20,2.06,2.12,
2018-06-21,2.05,2.11,
2018-06-22,2.07,2.12,
2018-06-25,2.06,2.1,
2018-06-26,2.07,2.12,
2018-06-27,2.07,2.11,
2018-06-28,2.07,2.1,108.203
2018-06-29,2.06,2.11,
2018-07-02,2.07,2.14,
2018-07-03,2.08,2.12,
2018-07-04,,,
2018-07-05,2.1,2.13,
2018-07-06,2.08,2.12,
2018-07-09,2.1,2.13,
2018-07-10,2.09,2.13,
2018-07-11,2.07,2.11,
2018-07-12,2.06,2.1,
2018-07-13,2.07,2.11,
2018-07-16,2.05,2.1,
2018-07-17,2.03,2.09,
2018-07-18,2.03,2.09,
2018-07-19,2.01,2.09,
2018-07-20,2.02,2.11,
2018-07-23,2.01,2.11,
2018-07-24,2.0,2.11,
2018-07-25,2.01,2.13,
2018-07-26,2.0,2.11,
2018-07-27,2.0,2.12,108.341
2018-07-30,2.01,2.13,
2018-07-31,2.0,2.12,
2018-08-01,2.0,2.13,
2018-08-02,1.99,2.12,
2018-08-03,2.0,2.12,
2018-08-06,1.98,2.11,
2018-08-07,2.0,2.13,
2018-08-08,1.98,2.11,
2018-08-09,1.97,2.11,
2018-08-10,1.98,2.09,
2018-08-13,1.99,2.1,
2018-08-14,1.99,2.09,
2018-08-15,1.97,2.08,
2018-08-16,1.97,2.08,
2018-08-17,1.96,2.08,
2018-08-20,1.95,2.07,
2018-08-21,1.97,2.08,
2018-08-22,1.96,2.08,
2018-08-23,1.99,2.09,
2018-08-24,1.99,2.09,
2018-08-27,2.0,2.11,
2018-08-28,1.99,2.11,108.427
2018-08-29,2.0,2.12,
2018-08-30,1.99,2.1,
2018-08-31,1.98,2.08,
2018-09-03,,,
2018-09-04,1.99,2.1,
2018-09-05,1.98,2.09,
2018-09-06,1.97,2.08,
2018-09-07,1.98,2.1,
2018-09-10,1.98,2.1,
2018-09-11,2.01,2.12,
2018-09-12,2.02,2.12,
2018-09-13,1.98,2.1,
2018-09-14,2.0,2.1,
2018-09-17,1.99,2.1,
2018-09-18,2.01,2.13,
2018-09-19,2.02,2.15,
2018-09-20,2.02,2.15,
2018-09-21,2.02,2.15,
2018-09-24,2.03,2.16,
2018-09-25,2.05,2.16,
2018-09-26,2.04,2.14,
2018-09-27,2.04,2.15,
2018-09-28,2.03,2.14,108.491
2018-10-01,2.04,2.14,
2018-10-02,2.03,2.12,
2018-10-03,2.07,2.16,
2018-10-04,2.06,2.16,
2018-10-05,2.05,2.16,
2018-10-08,,,
2018-10-09,2.05,2.17,
2018-10-10,2.04,2.16,
2018-10-11,1.99,2.12,
2018-10-12,1.99,2.12,
2018-10-15,2.0,2.13,
2018-10-16,2.01,2.13,
2018-10-17,2.0,2.13,
2018-10-18,1.99,2.1,
2018-10-19,1.98,2.11,
2018-10-22,1.98,2.11,
2018-10-23,1.94,2.09,
2018-10-24,1.93,2.07,
2018-10-25,1.91,2.05,
2018-10-26,1.93,2.06,108.72
2018-10-29,1.92,2.06,
2018-10-30,1.91,2.05,
2018-10-31,1.9,2.05,
2018-11-01,1.88,2.02,
2018-11-02,1.91,2.06,
2018-11-05,1.91,2.06,
2018-11-06,1.92,2.07,
2018-11-07,1.93,2.07,
2018-11-08,1.92,2.07,
2018-11-09,1.9,2.04,
2018-11-12,,,
2018-11-13,1.88,2.02,
2018-11-14,1.85,2.0,
2018-11-15,1.85,2.0,
2018-11-16,1.88,2.02,
2018-11-19,1.85,1.99,
2018-11-20,1.82,1.97,
2018-11-21,1.81,1.97,
2018-11-22,,,
2018-11-23,1.77,1.96,
2018-11-26,1.78,1.96,
2018-11-27,1.73,1.91,
2018-11-28,1.74,1.94,108.947
2018-11-29,1.79,1.98,
2018-11-30,1.77,1.97,
2018-12-03,1.76,1.96,
2018-12-04,1.74,1.94,
2018-12-05,,,
2018-12-06,1.69,1.9,
2018-12-07,1.68,1.89,
2018-12-10,1.65,1.86,
2018-12-11,1.62,1.83,
2018-12-12,1.62,1.83,
2018-12-13,1.62,1.83,
2018-12-14,1.6,1.82,
2018-12-17,1.58,1.81,
2018-12-18,1.58,1.81,
2018-12-19,1.56,1.8,
2018-12-20,1.53,1.76,
2018-12-21,1.55,1.77,
2018-12-24,1.52,1.75,
2018-12-25,,,
2018-12-26,1.57,1.77,
2018-12-27,1.53,1.74,
2018-12-28,1.52,1.73,109.023
2018-12-31,1.51,1.71,
2019-01-01,,,
2019-01-02,1.49,1.7,
2019-01-03,1.49,1.68,
2019-01-04,1.58,1.76,
2019-01-07,1.61,1.78,
2019-01-08,1.66,1.82,
2019-01-09,1.68,1.83,
2019-01-10,1.65,1.81,
2019-01-11,1.66,1.83,
2019-01-14,1.64,1.81,
2019-01-15,1.63,1.81,
2019-01-16,1.64,1.82,
2019-01-17,1.64,1.79,
2019-01-18,1.67,1.83,
2019-01-21,,,
2019-01-22,1.63,1.79,
2019-01-23,1.64,1.8,
2019-01-24,1.62,1.77,
2019-01-25,1.64,1.79,
2019-01-28,1.62,1.78,108.99
2019-01-29,1.62,1.78,
2019-01-30,1.68,1.84,
2019-01-31,1.7,1.85,
2019-02-01,1.72,1.88,
2019-02-04,1.72,1.87,
2019-02-05,1.72,1.87,
2019-02-06,1.71,1.86,
2019-02-07,1.69,1.84,
2019-02-08,1.69,1.82,
2019-02-11,1.69,1.82,
2019-02-12,1.71,1.83,
2019-02-13,1.76,1.86,
2019-02-14,1.74,1.85,
2019-02-15,1.75,1.86,
2019-02-18,,,
2019-02-19,1.76,1.87,
2019-02-20,1.79,1.89,
2019-02-21,1.8,1.91,
2019-02-22,1.82,1.91,
2019-02-25,1.82,1.92,
2019-02-26,1.82,1.92,
2019-02-27,1.84,1.93,
2019-02-28,1.84,1.95,108.93
2019-03-01,1.85,1.96,
2019-03-04,1.84,1.94,
2019-03-05,1.83,1.93,
2019-03-06,1.81,1.91,
2019-03-07,1.8,1.9,
2019-03-08,1.8,1.9,
2019-03-11,1.82,1.91,
2019-03-12,1.81,1.9,
2019-03-13,1.84,1.92,
2019-03-14,1.85,1.94,
2019-03-15,1.86,1.94,
2019-03-18,1.88,1.96,
2019-03-19,1.85,1.95,
2019-03-20,1.88,1.96,
2019-03-21,1.86,1.96,
2019-03-22,1.8,1.9,
2019-03-25,1.77,1.88,
2019-03-26,1.75,1.86,
2019-03-27,1.74,1.84,
2019-03-28,1.72,1.83,109.036
2019-03-29,1.78,1.88,
2019-04-01,1.82,1.9,
2019-04-02,1.81,1.9,
2019-04-03,1.81,1.91,
2019-04-04,1.81,1.9,
2019-04-05,1.79,1.9,
2019-04-08,1.81,1.91,
2019-04-09,1.8,1.91,
2019-04-10,1.83,1.94,
2019-04-11,1.82,1.94,
2019-04-12,1.86,1.95,
2019-04-15,1.85,1.94,
2019-04-16,1.86,1.96,
2019-04-17,1.84,1.94,
2019-04-18,1.86,1.95,
2019-04-19,,,
2019-04-22,1.87,1.95,
2019-04-23,1.87,1.95,
2019-04-24,1.87,1.96,
2019-04-25,1.86,1.98,
2019-04-26,1.86,1.97,109.333
2019-04-29,1.86,1.96,
2019-04-30,1.85,1.95,
2019-05-01,1.83,1.93,
2019-05-02,1.78,1.89,
2019-05-03,1.8,1.91,
2019-05-06,1.81,1.91,
2019-05-07,1.76,1.87,
2019-05-08,1.75,1.87,
2019-05-09,1.73,1.85,
2019-05-10,1.75,1.88,
2019-05-13,1.73,1.85,
2019-05-14,1.75,1.86,
2019-05-15,1.74,1.83,
2019-05-16,1.75,1.84,
2019-05-17,1.71,1.81,
2019-05-20,1.71,1.81,
2019-05-21,1.72,1.83,
2019-05-22,1.68,1.79,
2019-05-23,1.62,1.73,
2019-05-24,1.62,1.76,
2019-05-27,,,
2019-05-28,1.58,1.73,109.759
2019-05-29,1.59,1.75,
2019-05-30,1.59,1.74,
2019-05-31,1.58,1.74,
2019-06-03,1.56,1.73,
2019-06-04,1.59,1.74,
2019-06-05,1.59,1.75,
2019-06-06,1.58,1.73,
2019-06-07,1.61,1.74,
2019-06-10,1.6,1.73,
2019-06-11,1.57,1.72,
2019-06-12,1.53,1.71,
2019-06-13,1.51,1.68,
2019-06-14,1.48,1.63,
2019-06-17,1.45,1.61,
2019-06-18,1.49,1.64,
2019-06-19,1.53,1.67,
2019-06-20,1.58,1.74,
2019-06-21,1.6,1.73,
2019-06-24,1.57,1.71,
2019-06-25,1.52,1.67,
2019-06-26,1.56,1.7,
2019-06-27,1.53,1.68,
2019-06-28,1.53,1.69,109.827
2019-07-01,1.53,1.69,
2019-07-02,1.5,1.65,
2019-07-03,1.51,1.65,
2019-07-04,,,
2019-07-05,1.55,1.69,
2019-07-08,1.55,1.7,
2019-07-09,1.56,1.71,
2019-07-10,1.59,1.74,
2019-07-11,1.63,1.77,
2019-07-12,1.62,1.77,
2019-07-15,1.61,1.77,
2019-07-16,1.63,1.8,
2019-07-17,1.6,1.75,
2019-07-18,1.6,1.79,
2019-07-19,1.6,1.8,
2019-07-22,1.59,1.79,
2019-07-23,1.61,1.81,
2019-07-24,1.59,1.79,
2019-07-25,1.6,1.8,
2019-07-26,1.57,1.78,109.92
2019-07-29,1.57,1.77,
2019-07-30,1.58,1.78,
2019-07-31,1.56,1.76,
2019-08-01,1.47,1.7,
2019-08-02,1.45,1.66,
2019-08-05,1.39,1.6,
2019-08-06,1.4,1.62,
2019-08-07,1.38,1.62,
2019-08-08,1.43,1.65,
2019-08-09,1.44,1.66,
2019-08-12,1.39,1.61,
2019-08-13,1.44,1.63,
2019-08-14,1.36,1.57,
2019-08-15,1.34,1.54,
2019-08-16,1.34,1.54,
2019-08-19,1.36,1.56,
2019-08-20,1.34,1.53,
2019-08-21,1.34,1.54,
2019-08-22,1.35,1.55,
2019-08-23,1.35,1.54,
2019-08-26,1.34,1.54,
2019-08-27,1.36,1.55,
2019-08-28,1.36,1.55,110.074
2019-08-29,1.39,1.59,
2019-08-30,1.35,1.55,
2019-09-02,,,
2019-09-03,1.29,1.5,
2019-09-04,1.31,1.51,
2019-09-05,1.35,1.56,
2019-09-06,1.35,1.54,
2019-09-09,1.38,1.57,
2019-09-10,1.4,1.6,
2019-09-11,1.4,1.6,
2019-09-12,1.43,1.63,
2019-09-13,1.46,1.67,
2019-09-16,1.48,1.67,
2019-09-17,1.46,1.66,
2019-09-18,1.4,1.59,
2019-09-19,1.41,1.61,
2019-09-20,1.42,1.61,
2019-09-23,1.42,1.61,
2019-09-24,1.39,1.58,
2019-09-25,1.41,1.6,
2019-09-26,1.4,1.57,
2019-09-27,1.36,1.53,110.133
2019-09-30,1.35,1.53,
2019-10-01,1.33,1.52,
2019-10-02,1.29,1.5,
2019-10-03,1.25,1.48,
2019-10-04,1.27,1.5,
2019-10-07,1.27,1.51,
2019-10-08,1.25,1.48,
2019-10-09,1.24,1.49,
2019-10-10,1.29,1.52,
2019-10-11,1.34,1.56,
2019-10-14,,,
2019-10-15,1.33,1.56,
2019-10-16,1.35,1.57,
2019-10-17,1.52,1.59,
2019-10-18,1.52,1.6,
2019-10-21,1.53,1.61,
2019-10-22,1.53,1.61,
2019-10-23,1.52,1.61,
2019-10-24,1.52,1.62,
2019-10-25,1.55,1.65,
2019-10-28,1.53,1.64,110.215
2019-10-29,1.51,1.61,
2019-10-30,1.47,1.57,
2019-10-31,1.44,1.54,
2019-11-01,1.5,1.59,
2019-11-04,1.56,1.64,
2019-11-05,1.58,1.68,
2019-11-06,1.57,1.66,
2019-11-07,1.61,1.69,
2019-11-08,1.63,1.71,
2019-11-11,,,
2019-11-12,1.6,1.7,
2019-11-13,1.58,1.66,
2019-11-14,1.54,1.62,
2019-11-15,1.52,1.63,
2019-11-18,1.54,1.63,
2019-11-19,1.53,1.63,
2019-11-20,1.51,1.6,
2019-11-21,1.53,1.63,
2019-11-22,1.53,1.62,
2019-11-25,1.53,1.62,
2019-11-26,1.52,1.62,
2019-11-27,1.54,1.63,
2019-11-28,,,110.479
2019-11-29,1.5,1.61,
2019-12-02,1.54,1.65,
2019-12-03,1.51,1.63,
2019-12-04,1.54,1.66,
2019-12-05,1.55,1.67,
2019-12-06,1.59,1.69,
2019-12-09,1.59,1.69,
2019-12-10,1.59,1.71,
2019-12-11,1.6,1.69,
2019-12-12,1.62,1.72,
2019-12-13,1.62,1.7,
2019-12-16,1.64,1.73,
2019-12-17,1.65,1.75,
2019-12-18,1.68,1.76,
2019-12-19,1.68,1.77,
2019-12-20,1.67,1.77,
2019-12-23,1.67,1.75,
2019-12-24,1.67,1.75,
2019-12-25,,,
2019-12-26,1.66,1.74,
2019-12-27,1.64,1.73,110.568
2019-12-30,1.66,1.75,
2019-12-31,1.68,1.77,
2020-01-01,,,
2020-01-02,1.72,1.8,
2020-01-03,1.69,1.77,
2020-01-06,1.69,1.75,
2020-01-07,1.67,1.74,
2020-01-08,1.68,1.75,
2020-01-09,1.67,1.74,
2020-01-10,1.67,1.76,
2020-01-13,1.7,1.77,
2020-01-14,1.7,1.77,
2020-01-15,1.67,1.75,
2020-01-16,1.68,1.74,
2020-01-17,1.68,1.75,
2020-01-20,,,
2020-01-21,1.66,1.74,
2020-01-22,1.64,1.72,
2020-01-23,1.64,1.7,
2020-01-24,1.62,1.68,
2020-01-27,1.56,1.63,
2020-01-28,1.59,1.65,110.789
2020-01-29,1.58,1.64,
2020-01-30,1.59,1.64,
2020-01-31,1.6,1.65,
2020-02-03,1.56,1.63,
2020-02-04,1.58,1.64,
2020-02-05,1.61,1.66,
2020-02-06,1.61,1.67,
2020-02-07,1.61,1.66,
2020-02-10,1.62,1.66,
2020-02-11,1.6,1.65,
2020-02-12,1.64,1.66,
2020-02-13,1.65,1.67,
2020-02-14,1.64,1.66,
2020-02-17,,,
2020-02-18,1.64,1.65,
2020-02-19,1.65,1.65,
2020-02-20,1.63,1.63,
2020-02-21,1.6,1.61,
2020-02-24,1.57,1.59,
2020-02-25,1.52,1.53,
2020-02-26,1.5,1.54,
2020-02-27,1.48,1.53,
2020-02-28,1.33,1.41,111.002
2020-03-02,1.32,1.41,
2020-03-03,1.34,1.45,
2020-03-04,1.34,1.46,
2020-03-05,1.28,1.4,
2020-03-06,1.14,1.31,
2020-03-09,0.8,0.99,
2020-03-10,0.77,1.0,
2020-03-11,0.69,0.96,
2020-03-12,0.63,0.92,
2020-03-13,0.53,0.9,
2020-03-16,0.3,0.73,
2020-03-17,0.16,0.63,
2020-03-18,0.16,0.63,
2020-03-19,0.14,0.5,
2020-03-20,0.31,0.75,
2020-03-23,0.37,0.8,
2020-03-24,0.55,0.97,
2020-03-25,0.69,1.07,
2020-03-26,0.72,1.07,
2020-03-27,0.54,0.94,111.071
2020-03-30,0.57,0.95,
2020-03-31,0.49,0.87,
2020-04-01,0.56,0.91,
2020-04-02,0.73,1.03,
2020-04-03,0.78,1.08,
2020-04-06,0.85,1.14,
2020-04-07,0.86,1.17,
2020-04-08,0.87,1.19,
2020-04-09,0.9,1.23,
2020-04-10,,,
2020-04-13,0.94,1.26,
2020-04-14,0.94,1.29,
2020-04-15,0.87,1.19,
2020-04-16,0.7,1.03,
2020-04-17,0.67,1.01,
2020-04-20,0.56,0.94,
2020-04-21,0.58,0.96,
2020-04-22,0.69,1.06,
2020-04-23,0.67,1.05,
2020-04-24,0.72,1.11,
2020-04-27,0.78,1.17,
2020-04-28,0.76,1.14,110.802
2020-04-29,0.78,1.14,
2020-04-30,0.72,1.07,
2020-05-01,0.68,1.06,
2020-05-04,0.69,1.07,
2020-05-05,0.71,1.1,
2020-05-06,0.71,1.1,
2020-05-07,0.7,1.08,
2020-05-08,0.74,1.12,
2020-05-11,0.75,1.13,
2020-05-12,0.72,1.09,
2020-05-13,0.71,1.07,
2020-05-14,0.71,1.06,
2020-05-15,0.75,1.09,
2020-05-18,0.84,1.17,
2020-05-19,0.82,1.15,
2020-05-20,0.83,1.16,
2020-05-21,0.81,1.14,
2020-05-22,0.8,1.12,
2020-05-25,,,
2020-05-26,0.82,1.13,
2020-05-27,0.82,1.14,
2020-05-28,0.86,1.18,110.213
2020-05-29,0.83,1.15,
2020-06-01,0.84,1.18,
2020-06-02,0.84,1.18,
2020-06-03,0.88,1.21,
2020-06-04,0.88,1.22,
2020-06-05,0.95,1.27,
2020-06-08,0.98,1.28,
2020-06-09,0.98,1.26,
2020-06-10,1.0,1.27,
2020-06-11,0.95,1.21,
2020-06-12,0.95,1.21,
2020-06-15,0.98,1.23,
2020-06-16,1.02,1.27,
2020-06-17,1.01,1.26,
2020-06-18,1.12,1.28,
2020-06-19,1.06,1.3,
2020-06-22,1.11,1.34,
2020-06-23,1.14,1.38,
2020-06-24,1.1,1.33,
2020-06-25,1.11,1.33,
2020-06-26,1.11,1.32,110.385
2020-06-29,1.14,1.34,
2020-06-30,1.16,1.34,
2020-07-01,1.17,1.37,
2020-07-02,1.21,1.41,
2020-07-03,,,
2020-07-06,1.28,1.45,
2020-07-07,1.26,1.43,
2020-07-08,1.25,1.42,
2020-07-09,1.22,1.39,
2020-07-10,1.25,1.41,
2020-07-13,1.27,1.42,
2020-07-14,1.27,1.41,
2020-07-15,1.28,1.41,
2020-07-16,1.3,1.41,
2020-07-17,1.35,1.46,
2020-07-20,1.37,1.46,
2020-07-21,1.4,1.48,
2020-07-22,1.4,1.48,
2020-07-23,1.37,1.49,
2020-07-24,1.35,1.51,
2020-07-27,1.38,1.52,
2020-07-28,1.36,1.51,110.918
2020-07-29,1.38,1.53,
2020-07-30,1.37,1.52,
2020-07-31,1.4,1.55,
2020-08-03,1.46,1.58,
2020-08-04,1.45,1.57,
2020-08-05,1.52,1.61,
2020-08-06,1.53,1.63,
2020-08-07,1.5,1.61,
2020-08-10,1.49,1.61,
2020-08-11,1.5,1.63,
2020-08-12,1.56,1.67,
2020-08-13,1.56,1.67,
2020-08-14,1.53,1.65,
2020-08-17,1.54,1.66,
2020-08-18,1.55,1.68,
2020-08-19,1.55,1.67,
2020-08-20,1.48,1.62,
2020-08-21,1.52,1.64,
2020-08-24,1.57,1.67,
2020-08-25,1.6,1.7,
2020-08-26,1.63,1.72,
2020-08-27,1.65,1.73,
2020-08-28,1.68,1.77,111.221
2020-08-31,1.69,1.8,
2020-09-01,1.65,1.76,
2020-09-02,1.61,1.73,
2020-09-03,1.53,1.65,
2020-09-04,1.57,1.7,
2020-09-07,,,
2020-09-08,1.55,1.68,
2020-09-09,1.57,1.71,
2020-09-10,1.54,1.69,
2020-09-11,1.53,1.65,
2020-09-14,1.54,1.65,
2020-09-15,1.54,1.67,
2020-09-16,1.57,1.68,
2020-09-17,1.57,1.66,
2020-09-18,1.58,1.67,
2020-09-21,1.5,1.62,
2020-09-22,1.5,1.62,
2020-09-23,1.48,1.6,
2020-09-24,1.45,1.58,
2020-09-25,1.43,1.58,
2020-09-28,1.48,1.61,111.563
2020-09-29,1.49,1.64,
2020-09-30,1.5,1.63,
2020-10-01,1.48,1.63,
2020-10-02,1.48,1.64,
2020-10-05,1.52,1.68,
2020-10-06,1.51,1.66,
2020-10-07,1.54,1.71,
2020-10-08,1.56,1.72,
2020-10-09,1.56,1.73,
2020-10-12,,,
2020-10-13,1.52,1.7,
2020-10-14,1.52,1.69,
2020-10-15,1.52,1.69,
2020-10-16,1.53,1.71,
2020-10-19,1.53,1.71,
2020-10-20,1.53,1.72,
2020-10-21,1.56,1.74,
2020-10-22,1.68,1.76,
2020-10-23,1.66,1.75,
2020-10-26,1.63,1.72,
2020-10-27,1.64,1.71,
2020-10-28,1.61,1.7,111.736
2020-10-29,1.61,1.71,
2020-10-30,1.59,1.7,
2020-11-02,1.6,1.71,
2020-11-03,1.62,1.72,
2020-11-04,1.56,1.64,
2020-11-05,1.55,1.66,
2020-11-06,1.54,1.65,
2020-11-09,1.63,1.73,
2020-11-10,1.69,1.76,
2020-11-11,,,
2020-11-12,1.63,1.71,
2020-11-13,1.64,1.72,
2020-11-16,1.64,1.72,
2020-11-17,1.63,1.7,
2020-11-18,1.63,1.7,
2020-11-19,1.62,1.7,
2020-11-20,1.61,1.69,
2020-11-23,1.62,1.71,
2020-11-24,1.65,1.74,
2020-11-25,1.67,1.75,
2020-11-26,,,
2020-11-27,1.67,1.75,111.775
2020-11-30,1.68,1.77,
2020-12-01,1.72,1.81,
2020-12-02,1.76,1.85,
2020-12-03,1.78,1.86,
2020-12-04,1.83,1.89,
2020-12-07,1.84,1.88,
2020-12-08,1.84,1.89,
2020-12-09,1.84,1.91,
2020-12-10,1.83,1.88,
2020-12-11,1.82,1.87,
2020-12-14,1.84,1.88,
2020-12-15,1.86,1.91,
2020-12-16,1.9,1.92,
2020-12-17,1.9,1.94,
2020-12-18,1.92,1.95,
2020-12-21,1.9,1.95,
2020-12-22,1.92,1.94,
2020-12-23,1.93,1.97,
2020-12-24,1.92,1.97,
2020-12-25,,,
2020-12-28,1.92,1.97,111.79
2020-12-29,1.9,1.96,
2020-12-30,1.92,1.96,
2020-12-31,1.95,1.99,
2021-01-01,,,
2021-01-04,1.98,2.01,
2021-01-05,2.01,2.03,
2021-01-06,2.04,2.06,
2021-01-07,2.09,2.09,
2021-01-08,2.07,2.06,
2021-01-11,2.04,2.06,
2021-01-12,2.06,2.08,
2021-01-13,2.04,2.06,
2021-01-14,2.09,2.09,
2021-01-15,2.09,2.1,
2021-01-18,,,
2021-01-19,2.12,2.1,
2021-01-20,2.15,2.12,
2021-01-21,2.18,2.1,
2021-01-22,2.16,2.09,
2021-01-25,2.15,2.08,
2021-01-26,2.15,2.08,
2021-01-27,2.15,2.08,
2021-01-28,2.18,2.13,112.22
2021-01-29,2.21,2.13,
2021-02-01,2.18,2.11,
2021-02-02,2.23,2.15,
2021-02-03,2.27,2.19,
2021-02-04,2.25,2.17,
2021-02-05,2.28,2.21,
2021-02-08,2.31,2.22,
2021-02-09,2.31,2.22,
2021-02-10,2.31,2.21,
2021-02-11,2.32,2.2,
2021-02-12,2.35,2.21,
2021-02-15,,,
2021-02-16,2.37,2.24,
2021-02-17,2.35,2.21,
2021-02-18,2.29,2.16,
2021-02-19,2.29,2.14,
2021-02-22,2.35,2.16,
2021-02-23,2.35,2.16,
2021-02-24,2.38,2.17,
2021-02-25,2.34,2.14,
2021-02-26,2.39,2.15,112.57
2021-03-01,2.4,2.16,
2021-03-02,2.43,2.2,
2021-03-03,2.45,2.21,
2021-03-04,2.43,2.2,
2021-03-05,2.43,2.22,
2021-03-08,2.42,2.21,
2021-03-09,2.41,2.21,
2021-03-10,2.47,2.26,
2021-03-11,2.51,2.28,
2021-03-12,2.51,2.26,
2021-03-15,2.54,2.27,
2021-03-16,2.59,2.3,
2021-03-17,2.58,2.3,
2021-03-18,2.5,2.27,
2021-03-19,2.51,2.31,
2021-03-22,2.51,2.33,
2021-03-23,2.48,2.29,
2021-03-24,2.53,2.31,
2021-03-25,2.54,2.32,
2021-03-26,2.57,2.34,112.878
2021-03-29,2.56,2.36,
2021-03-30,2.52,2.35,
2021-03-31,2.54,2.37,
2021-04-01,2.55,2.35,
2021-04-02,2.58,2.36,
2021-04-05,2.55,2.35,
2021-04-06,2.52,2.32,
2021-04-07,2.53,2.34,
2021-04-08,2.55,2.33,
2021-04-09,2.51,2.31,
2021-04-12,2.52,2.33,
2021-04-13,2.54,2.33,
2021-04-14,2.56,2.33,
2021-04-15,2.55,2.33,
2021-04-16,2.57,2.36,
2021-04-19,2.56,2.34,
2021-04-20,2.52,2.32,
2021-04-21,2.53,2.33,
2021-04-22,2.42,2.33,
2021-04-23,2.44,2.34,
2021-04-26,2.47,2.36,
2021-04-27,2.51,2.39,
2021-04-28,2.54,2.41,113.518
2021-04-29,2.56,2.42,
2021-04-30,2.57,2.41,
2021-05-03,2.6,2.42,
2021-05-04,2.62,2.42,
2021-05-05,2.68,2.47,
2021-05-06,2.66,2.45,
2021-05-07,2.65,2.49,
2021-05-10,2.71,2.54,
2021-05-11,2.68,2.53,
2021-05-12,2.72,2.54,
2021-05-13,2.65,2.51,
2021-05-14,2.68,2.51,
2021-05-17,2.72,2.54,
2021-05-18,2.72,2.52,
2021-05-19,2.66,2.48,
2021-05-20,2.59,2.41,
2021-05-21,2.62,2.43,
2021-05-24,2.64,2.44,
2021-05-25,2.63,2.42,
2021-05-26,2.6,2.4,
2021-05-27,2.59,2.42,
2021-05-28,2.57,2.42,114.18
2021-05-31,,,
2021-06-01,2.6,2.46,
2021-06-02,2.59,2.44,
2021-06-03,2.56,2.42,
2021-06-04,2.54,2.4,
2021-06-07,2.51,2.39,
2021-06-08,2.47,2.36,
2021-06-09,2.41,2.32,
2021-06-10,2.47,2.35,
2021-06-11,2.43,2.32,
2021-06-14,2.44,2.36,
2021-06-15,2.46,2.38,
2021-06-16,2.41,2.32,
2021-06-17,2.31,2.27,
2021-06-18,2.37,2.24,
2021-06-21,2.41,2.25,
2021-06-22,2.46,2.31,
2021-06-23,2.49,2.34,
2021-06-24,2.45,2.3,
2021-06-25,2.46,2.34,
2021-06-28,2.45,2.33,114.753
2021-06-29,2.46,2.32,
2021-06-30,2.47,2.32,
2021-07-01,2.49,2.35,
2021-07-02,2.49,2.33,
2021-07-05,,,
2021-07-06,2.48,2.31,
2021-07-07,2.43,2.28,
2021-07-08,2.38,2.22,
2021-07-09,2.44,2.28,
2021-07-12,2.48,2.33,
2021-07-13,2.56,2.36,
2021-07-14,2.53,2.34,
2021-07-15,2.53,2.32,
2021-07-16,2.52,2.33,
2021-07-19,2.41,2.24,
2021-07-20,2.4,2.26,
2021-07-21,2.45,2.28,
2021-07-22,2.46,2.28,
2021-07-23,2.53,2.35,
2021-07-26,2.59,2.4,
2021-07-27,2.55,2.38,
2021-07-28,2.57,2.41,115.342
2021-07-29,2.58,2.43,
2021-07-30,2.56,2.4,
2021-08-02,2.51,2.37,
2021-08-03,2.51,2.38,
2021-08-04,2.5,2.35,
2021-08-05,2.46,2.33,
2021-08-06,2.5,2.37,
