Date,RoE Japan,Leading Indicator YoY,Leading Indicator 3M/12M,Leading Indicator YoY Smoothed,Leading Indicator 3M/12M Smoothed,OECD Leading Indicator YoY,OECD Leading Indicator 3M/12M,OECD Leading Indicator YoY Smoothed,OECD Leading Indicator 3M/12M Smoothed,G7 Leading Indicator YoY,G7 Leading Indicator 3M/12M,G7 Leading Indicator YoY Smoothed,G7 Leading Indicator 3M/12M Smoothed,OECD All Leading Indicator YoY,OECD All Leading Indicator 3M/12M,OECD All Leading Indicator YoY Smoothed,OECD All Leading Indicator 3M/12M Smoothed,Oil Prices YoY,Oil Prices 3M/12M,Oil Prices YoY Smoothed,Oil Prices 3M/12M Smoothed,JPN Trade Weighted YoY,JPN Trade Weighted 3M/12M,JPN Trade Weighted YoY Smoothed,JPN Trade Weighted 3M/12M Smoothed,JPN Trade Weighted Index,JPN Trade Weighted Index Smoothed
14/01/2012,3.86,0,0.002044293,0.006867196,0.008280823,-0.00214118,-0.002108035,-0.001672908,-0.001907479,-0.012438436,-0.010995463,-0.010376471,-0.00989838,-0.013518266,-0.011305617,-0.0115699,-0.010329501,-0.11891509,-0.012867619,-0.193842336,-0.051584326,-0.076645754,-0.058762847,-0.063488963,-0.058799658,-110.7047,-110.1929667
14/02/2012,3.81,0,0.003064351,0.004123711,0.004403663,-0.002659893,-0.001968436,-0.002145212,-0.002021023,-0.013566687,-0.010570282,-0.012203083,-0.010617501,-0.014604296,-0.01092591,-0.013303114,-0.010970795,-0.138231029,-0.008486712,-0.140710254,-0.023126732,-0.088491722,-0.06200098,-0.076398861,-0.060346701,-111.9886,-110.9897667
14/03/2012,3.83,0,0.004761905,0,0.003290183,-0.003001804,-0.001691613,-0.002600959,-0.001922695,-0.014084772,-0.009346185,-0.013363298,-0.010303977,-0.01514533,-0.00984844,-0.014422631,-0.010693322,-0.113861386,-0.056207241,-0.123669168,-0.025853857,-0.054588464,-0.049397054,-0.07324198,-0.056720293,-108.066,-110.2531
14/04/2012,4.96,0.004004004,0.01292517,0.001334668,0.006917142,-0.003095398,-0.001405445,-0.002919032,-0.001688498,-0.014114623,-0.007771958,-0.013922027,-0.009229475,-0.015189638,-0.008471144,-0.014979755,-0.009748498,0.011183673,-0.078274489,-0.080302914,-0.047656147,0.019083022,-0.013984105,-0.041332388,-0.041794046,-101.5407,-107.1984333
14/05/2012,4.97,0.02974359,0.019387755,0.011249198,0.012358277,-0.003056456,-0.001226454,-0.003051219,-0.001441171,-0.013702563,-0.006283908,-0.013967319,-0.007800684,-0.014807204,-0.0071711,-0.015047391,-0.008496895,0.012707722,-0.047555689,-0.029989997,-0.06067914,-0.048151863,0.015348918,-0.027885768,-0.016010747,-104.9265,-104.8444
14/06/2012,5,0.051633298,0.022108844,0.028460297,0.01814059,-0.003115016,-0.001274766,-0.003088956,-0.001302222,-0.012975092,-0.005190818,-0.013597426,-0.006415561,-0.014090729,-0.006205289,-0.014695857,-0.007282511,0.19343338,0.045417346,0.072441592,-0.026804277,-0.03977823,0.021524639,-0.022949024,0.007629817,-107.4616,-104.6429333
14/07/2012,5.1,0.037735849,0.01734104,0.039704246,0.019612546,-0.003312903,-0.0015877,-0.003161458,-0.001362974,-0.011940832,-0.004601325,-0.012872829,-0.005358684,-0.013059601,-0.005667273,-0.013985845,-0.006347887,0.132422803,0.099160492,0.112854635,0.032340716,-0.061984369,-0.004646302,-0.049971487,0.010742418,-109.4411,-107.2764
14/08/2012,5.1,-0.00408998,0.004663784,0.028426389,0.014704556,-0.003818412,-0.002138931,-0.003415444,-0.001667133,-0.010502871,-0.004440304,-0.011806265,-0.004744149,-0.011687217,-0.005491216,-0.012945849,-0.005787926,-0.052690064,0.090736239,0.091055373,0.078438026,-0.047520551,-0.016020187,-0.04976105,0.00028605,-109.7944,-108.8990333
14/09/2012,5.1,-0.030120482,-0.010302314,0.001175129,0.003900837,-0.004421074,-0.002821152,-0.003850796,-0.002182594,-0.008595903,-0.004471797,-0.010346535,-0.004504475,-0.009956064,-0.005484467,-0.011567627,-0.005547652,-0.053186735,0.01442471,0.008848668,0.068107147,-0.016273342,-0.019760914,-0.041926087,-0.013475801,-109.7125,-109.6493333
14/10/2012,4.51,-0.027190332,-0.021384071,-0.020466931,-0.009007534,-0.004830618,-0.003511125,-0.004356701,-0.002823736,-0.006426126,-0.004444859,-0.0085083,-0.00445232,-0.008040328,-0.005434604,-0.009894536,-0.005470096,-0.00262697,-0.03359945,-0.036167923,0.023853833,0.012944274,-0.011793868,-0.016949873,-0.015858323,-108.4869,-109.3312667
14/11/2012,4.51,-0.026530612,-0.027791814,-0.027947142,-0.019826066,-0.005065225,-0.004069133,-0.004772306,-0.003467137,-0.004434832,-0.004172347,-0.00648562,-0.004363001,-0.006270797,-0.0051674,-0.008089063,-0.005362157,0.028048997,-0.016791849,-0.009254903,-0.011988863,0.010267504,-0.003861291,0.002312812,-0.011805358,-108.4729,-108.8907667
14/12/2012,4.51,-0.029531568,-0.029719689,-0.027750838,-0.026298525,-0.005260191,-0.004355151,-0.005052011,-0.00397847,-0.003041545,-0.003614051,-0.004634168,-0.004077086,-0.004957687,-0.00461672,-0.006422937,-0.005072908,-0.026365348,0.013808166,-0.000314441,-0.012194378,0.038967681,0.008949917,0.020726487,-0.002235081,-105.9788,-107.6462
14/01/2013,5.84,-0.029622063,-0.032918676,-0.028561415,-0.030143393,-0.005129633,-0.004234385,-0.005151683,-0.004219556,-0.002215628,-0.002794195,-0.003230668,-0.003526865,-0.004047282,-0.003772412,-0.005091922,-0.004518844,-0.005065123,0.024034938,-0.001127158,0.007017085,0.086839131,0.030588084,0.045358106,0.011892237,-101.0912,-105.1809667
14/02/2013,5.88,-0.025380711,-0.028750742,-0.028178114,-0.030463036,-0.004398927,-0.003554794,-0.004929583,-0.00404811,-0.001646816,-0.001736889,-0.00230133,-0.002715045,-0.003292271,-0.002653435,-0.00409908,-0.003680856,-0.006624204,-0.005052716,-0.012684892,0.01093013,0.161767805,0.07464386,0.095858206,0.03806062,-93.87245,-100.31415
14/03/2013,5.88,-0.009090909,-0.016833872,-0.021364561,-0.026167763,-0.003052882,-0.00223922,-0.004193814,-0.0033428,-0.000983994,-0.000444936,-0.001615479,-0.001658673,-0.002433901,-0.001292602,-0.003257818,-0.002572816,0.132936508,-0.00370949,0.040415727,0.005090911,0.16211704,0.119185929,0.136907992,0.074805958,-90.54666,-95.17010333
14/04/2013,5.86,0.008973081,0.006733146,-0.008499513,-0.012950489,-0.00086684,-0.000279395,-0.002772883,-0.00202447,6.32283E-05,0.001048996,-0.000855861,-0.00037761,-0.00126442,0.000233718,-0.002330197,-0.00123744,0.160406175,0.024593864,0.095572826,0.00527722,0.131078179,0.15257728,0.151654341,0.115469023,-88.23093,-90.88334667
14/05/2013,5.86,0.023904382,0.032114793,0.007928851,0.007338022,0.001914389,0.002155422,-0.000668444,-0.000121065,0.001551688,0.002617064,0.000210308,0.001073708,0.000276042,0.001786879,-0.00114076,0.000242665,0.074077408,0.071490388,0.122473364,0.030791587,0.185611738,0.167026738,0.159602319,0.146263316,-85.45091,-88.07616667
14/06/2013,5.87,0.043086172,0.05342337,0.025321212,0.030757103,0.00508135,0.00482983,0.002042966,0.002235286,0.003648726,0.004162606,0.001754548,0.002609555,0.002289431,0.003267663,0.000433684,0.001762753,-0.091488487,0.06903938,0.047665032,0.055041211,0.230217864,0.180376914,0.182302593,0.166660311,-82.72202,-85.46795333
14/07/2013,6.9,0.066666667,0.067646054,0.044552407,0.051061406,0.00833335,0.007401132,0.005109696,0.004795461,0.006280854,0.005634864,0.003827089,0.004138178,0.004694755,0.004623979,0.002420076,0.003226174,-0.061894984,0.034315029,-0.026435354,0.058281599,0.178091594,0.166009155,0.197973732,0.171137602,-89.95056,-86.04116333
14/08/2013,6.9,0.071868583,0.07091715,0.060540474,0.063995524,0.011433905,0.009603842,0.008282868,0.007278268,0.009049983,0.007007703,0.006326521,0.005601724,0.007214284,0.005840946,0.004732823,0.004577529,0.034834624,0.007280959,-0.039516282,0.036878456,0.216746665,0.150887667,0.208352041,0.165757912,-85.99683,-86.22313667
14/09/2013,6.9,0.089026915,0.0707431,0.075854055,0.069768768,0.014330825,0.011306267,0.011366027,0.00943708,0.011505152,0.008187022,0.00894533,0.006943196,0.009526911,0.006874794,0.007145317,0.005779907,0.047105755,-0.004512238,0.006681798,0.01236125,0.207702586,0.119208744,0.200846948,0.145368522,-86.92493,-87.62410667
14/10/2013,7.93,0.091097308,0.064099316,0.083997602,0.068586522,0.016960572,0.012496329,0.014241767,0.011135479,0.013443595,0.009058122,0.01133291,0.008084282,0.011458072,0.007677143,0.009399755,0.006797628,0.037641921,-0.004513325,0.039860766,-0.000581534,0.20818237,0.118380839,0.210877207,0.129492416,-85.90184,-86.27453333
14/11/2013,7.93,0.118448637,0.065569642,0.099524287,0.066804019,0.019218848,0.013230914,0.016836748,0.012344503,0.014692979,0.009560787,0.013213909,0.00893531,0.012815506,0.008216615,0.011266829,0.007589517,0.007031963,-0.004526877,0.030593213,-0.00451748,0.207100668,0.100106,0.207661875,0.112565194,-86.00809,-86.27828667
14/12/2013,7.93,0.120671563,0.063265816,0.110072503,0.064311591,0.020735267,0.013485719,0.018971563,0.013070987,0.015224885,0.009670334,0.01445382,0.009429748,0.013539625,0.008468204,0.012604401,0.008120654,0.006330275,0.003289574,0.017001387,-0.001916876,0.198512627,0.088960236,0.204598555,0.102482358,-84.94067,-85.61686667
14/01/2014,8.25,0.142105263,0.06578403,0.127075155,0.064873163,0.021185929,0.013176125,0.020380015,0.013297586,0.015126724,0.009391565,0.015014863,0.009540896,0.013631138,0.008407535,0.013328756,0.008364118,0.042296616,0.0115285,0.018552952,0.003430399,0.189010023,0.084522493,0.198207772,0.091196243,-81.98395,-84.31090333
14/02/2014,8.25,0.119791667,0.058534186,0.127522831,0.062528011,0.020187313,0.012149927,0.020702836,0.012937257,0.014342577,0.008743591,0.014898062,0.009268497,0.013086664,0.008030304,0.013419142,0.008302014,0.08428246,0.011527642,0.044303117,0.008781905,0.129225241,0.081289105,0.172249297,0.084923945,-81.74176,-82.88879333
14/03/2014,8.24,0.098878695,0.05189637,0.120258542,0.058738195,0.017721781,0.010312794,0.019698341,0.011879615,0.013025636,0.007793162,0.014164979,0.008642773,0.01209959,0.007379935,0.012939131,0.007939258,0.007139588,0.010516494,0.044572888,0.011190879,0.077879847,0.068530622,0.13203837,0.078114073,-83.4949,-82.40687
14/04/2014,8.44,0.033596838,0.027956298,0.084089067,0.046128951,0.01388548,0.007685805,0.017264858,0.010049509,0.011495787,0.006648665,0.012954667,0.007728473,0.010945055,0.006550935,0.012043769,0.007320391,-0.062143559,0.002034127,0.009759496,0.008026088,0.048403094,0.043876039,0.085169394,0.064565255,-83.96028,-83.06564667
14/05/2014,8.44,0.005836576,0.005492319,0.046104036,0.028448329,0.009259851,0.004479539,0.013622371,0.007492712,0.010016234,0.005459075,0.011512553,0.006633634,0.00984848,0.005672328,0.010964375,0.006534399,-0.070380091,-0.010535435,-0.041794688,0.000671729,0.021076195,0.025212278,0.049119712,0.04587298,-83.64993,-83.70170333
14/06/2014,8.44,-0.029779059,-0.023696682,0.003218118,0.003250645,0.00416155,0.000949864,0.009102294,0.004371736,0.008387678,0.004305228,0.009966567,0.005470989,0.008653704,0.00480341,0.009815746,0.005675558,-0.064136372,-0.025139319,-0.065553341,-0.011213542,-0.011313191,0.017858129,0.019388699,0.028982149,-83.65787,-83.75602667
14/07/2014,8.27,-0.055871212,-0.041752009,-0.026604565,-0.019985458,-0.00063244,-0.002515634,0.004262987,0.000971256,0.006507423,0.00317259,0.008303779,0.004312298,0.00729352,0.003932694,0.008598568,0.004802811,0.019060773,-0.015558568,-0.03848523,-0.017077774,0.071080269,0.015325774,0.026947758,0.019465394,-83.55685,-83.62155
14/08/2014,8.27,-0.045977011,-0.054173228,-0.043875761,-0.039873973,-0.004626253,-0.005541643,-0.000365714,-0.002369138,0.004558233,0.002028424,0.006484445,0.003168747,0.005866862,0.003030849,0.007271362,0.003922318,0.072366023,0.015594841,0.009096808,-0.008367682,0.026438416,0.01329437,0.028735165,0.015492758,-83.72321,-83.64597667
14/09/2014,8.26,-0.038973384,-0.051543137,-0.046940536,-0.049156125,-0.007868455,-0.007779449,-0.004375716,-0.005278908,0.002643075,0.000902921,0.004569577,0.002034645,0.004450871,0.002138319,0.005870418,0.003033954,0.136278614,0.069530696,0.075901803,0.02318899,0.043123992,0.016092775,0.046880893,0.014904306,-83.17638,-83.48548
14/10/2014,8.36,-0.043643264,-0.043616178,-0.042864553,-0.049777514,-0.010410466,-0.009122354,-0.007635058,-0.007481149,0.00084276,-0.000130894,0.002681356,0.000933483,0.003085176,0.001324857,0.004467636,0.002164675,0.213267992,0.128627032,0.140637543,0.071250856,0.066758291,0.02327575,0.045440233,0.017554298,-80.16718,-82.35559
14/11/2014,8.36,-0.051546392,-0.034867059,-0.044721013,-0.043342125,-0.01236066,-0.009656371,-0.010213194,-0.008852725,-0.000720582,-0.00101382,0.000921751,-8.05977E-05,0.001891177,0.000653234,0.003142408,0.001372137,0.287317208,0.197917626,0.212287938,0.132025118,0.05724508,0.0315309,0.055709121,0.023633141,-81.08455,-81.47603667
14/12/2014,8.37,-0.061797753,-0.034581902,-0.052329136,-0.03768838,-0.013642308,-0.009506264,-0.012137811,-0.00942833,-0.001984182,-0.001710373,-0.000620668,-0.000951695,0.000881027,0.000138009,0.00195246,0.000705367,0.426830394,0.296815999,0.309138531,0.207786886,0.113822036,0.059354607,0.079275136,0.038053752,-75.27255,-78.84142667
14/01/2015,8.23,-0.07281106,-0.031663327,-0.062051735,-0.033704096,-0.01410755,-0.008791129,-0.013370173,-0.009317921,-0.002941754,-0.002203943,-0.001882173,-0.001642712,5.17301E-05,-0.000237331,0.000941311,0.000184637,0.566622815,0.412168793,0.426923472,0.302300806,0.085734586,0.074807741,0.085600567,0.055231083,-74.95509,-77.10406333
14/02/2015,8.23,-0.063255814,-0.028985507,-0.065954876,-0.031743579,-0.013688666,-0.007638695,-0.013812841,-0.008645363,-0.003568927,-0.002520397,-0.002831621,-0.002144904,-0.000563797,-0.000524465,0.000122987,-0.000207929,0.441035563,0.451863152,0.478162924,0.386949315,0.059675006,0.087195676,0.086410543,0.073786008,-76.86382,-75.69715333
14/03/2015,8.23,-0.071428571,-0.024121742,-0.069165148,-0.028256859,-0.01224576,-0.006138808,-0.013347325,-0.007522877,-0.003896139,-0.002677222,-0.00346894,-0.002467187,-0.000974209,-0.000740576,-0.000495425,-0.000500791,0.490734765,0.453565918,0.499464381,0.439199288,0.087074899,0.074376139,0.07749483,0.078793186,-76.22459,-76.0145
14/04/2015,8.04,-0.041108987,-0.018818737,-0.058597791,-0.023975329,-0.009890072,-0.004397947,-0.011941499,-0.006058483,-0.004098592,-0.002704698,-0.003854553,-0.002634106,-0.001311949,-0.000895001,-0.000949985,-0.000720014,0.461488613,0.381483225,0.464419647,0.428970765,0.090072115,0.061828703,0.078940673,0.074466839,-76.3978,-76.49540333
14/05/2015,8.03,-0.029980658,-0.014663718,-0.047506072,-0.019201399,-0.007039102,-0.002538547,-0.009724978,-0.004358434,-0.004243582,-0.002629907,-0.004079438,-0.002670609,-0.001665486,-0.001006146,-0.001317215,-0.000880574,0.394060485,0.331564495,0.448761288,0.388871213,0.083743644,0.05802804,0.086963553,0.064744294,-76.64478,-76.42239
14/06/2015,8.04,0.005940594,-0.00346249,-0.02171635,-0.012314982,-0.003724413,-0.00070957,-0.006884529,-0.002548688,-0.004258191,-0.002497659,-0.004200122,-0.002610755,-0.001977429,-0.001122892,-0.001651621,-0.001008013,0.433312683,0.262528179,0.429620594,0.325191966,0.096099865,0.053450224,0.089971875,0.057768989,-75.61836,-76.22031333
14/07/2015,8.51,0.029087262,0.007694217,0.001682399,-0.00347733,-0.000694532,0.000879285,-0.003819349,-0.000789611,-0.004233797,-0.002378621,-0.00424519,-0.002502062,-0.002321479,-0.001311289,-0.001988131,-0.001146776,0.461184643,0.227975873,0.42951927,0.274022849,0.117219713,0.056979452,0.099021074,0.056152572,-73.76234,-75.34182667
14/08/2015,8.52,0.024096386,0.01592568,0.01970808,0.006719136,0.001475478,0.002044423,-0.000981156,0.000738046,-0.004280333,-0.00234888,-0.00425744,-0.002408387,-0.002750328,-0.001617459,-0.002349745,-0.001350547,0.521222244,0.269268345,0.471906523,0.253257466,0.112668399,0.059934214,0.108662659,0.056787963,-74.29025,-74.55698333
14/09/2015,8.52,-0.004945598,0.012104129,0.01607935,0.011908009,0.002587712,0.002554809,0.001122886,0.001826172,-0.004594558,-0.002534532,-0.004369563,-0.002420678,-0.003351448,-0.002084078,-0.002807751,-0.001670942,0.519954625,0.307958164,0.500787171,0.268400794,0.094420195,0.053178117,0.108102769,0.056697261,-75.32285,-74.45848
14/10/2015,8.61,-0.009920635,0.000413531,0.003076717,0.009481113,0.00276889,0.002359465,0.00227736,0.002319566,-0.00514973,-0.002980257,-0.004674874,-0.002621223,-0.004074067,-0.002682416,-0.003391947,-0.002127984,0.44018918,0.309734089,0.493788683,0.295653532,0.022716403,0.023615152,0.076601666,0.045575828,-78.34607,-75.98639
14/11/2015,8.61,-0.024703557,-0.012463888,-0.01318993,1.79239E-05,0.002175367,0.001544697,0.002510656,0.00215299,-0.005820534,-0.003641626,-0.005188274,-0.003052138,-0.004840349,-0.003334592,-0.004088621,-0.002700362,0.439411537,0.289923236,0.466518447,0.302538496,0.037636516,-0.002541198,0.051591038,0.024750691,-78.03281,-77.23391
14/12/2015,8.6,-0.00998004,-0.016680429,-0.014868077,-0.009576929,0.001074844,0.000321247,0.002006367,0.00140847,-0.006416137,-0.00434359,-0.005795467,-0.003655158,-0.005513256,-0.003922234,-0.004809224,-0.003313081,0.400612113,0.292057707,0.42673761,0.297238344,-0.024499369,-0.018959198,0.011951184,0.000704919,-77.11668,-77.83185333
14/01/2016,8.03,-0.024850895,-0.021487603,-0.019844831,-0.016877307,-0.000385877,-0.001106105,0.000954778,0.000253279,-0.0070247,-0.004963948,-0.006420457,-0.004316388,-0.006172471,-0.004402437,-0.005508692,-0.003886421,0.334995663,0.35628063,0.391673105,0.312753858,-0.052568945,-0.02338971,-0.013143933,-0.014963369,-78.8954,-78.01496333
14/02/2016,8.02,-0.038728898,-0.025755694,-0.024519944,-0.021307909,-0.00191371,-0.002519708,-0.000408248,-0.001101522,-0.007654324,-0.005467841,-0.007031721,-0.004925126,-0.006874842,-0.004808735,-0.006186856,-0.004377802,0.457722103,0.387057536,0.397776627,0.345131958,-0.064969709,-0.043595706,-0.047346008,-0.028648205,-81.85764,-79.28990667
14/03/2016,8.01,-0.032967033,-0.032905097,-0.032182275,-0.026716131,-0.003369808,-0.003722621,-0.001889798,-0.002449478,-0.008243077,-0.005865787,-0.0076407,-0.005432525,-0.007583356,-0.005184094,-0.00687689,-0.004798422,0.288740043,0.349820641,0.360485937,0.364386269,-0.111406306,-0.074764138,-0.076314987,-0.047249851,-84.71649,-81.82317667
14/04/2016,7.78,-0.04885344,-0.03986711,-0.040183123,-0.032842634,-0.004749425,-0.004580716,-0.003344314,-0.003607682,-0.008684208,-0.006108025,-0.00819387,-0.005813884,-0.008151733,-0.005481831,-0.007536644,-0.00515822,0.236204229,0.24439549,0.327555459,0.327091222,-0.092395723,-0.090033648,-0.089590579,-0.069464497,-83.45663,-83.34358667
14/05/2016,7.78,-0.04885344,-0.041413216,-0.043557971,-0.038061808,-0.005990102,-0.005069027,-0.004703112,-0.004457455,-0.008849161,-0.00609304,-0.008592149,-0.006022284,-0.008360234,-0.005564297,-0.008031774,-0.005410074,0.28057554,0.106362048,0.268506604,0.23352606,-0.122210149,-0.102144317,-0.108670726,-0.088980701,-86.01155,-84.72822333
14/06/2016,7.78,-0.059055118,-0.042780749,-0.052253999,-0.041353691,-0.007107024,-0.005238261,-0.00594885,-0.004962668,-0.008775042,-0.005777424,-0.00876947,-0.005992829,-0.008174303,-0.005328477,-0.008228757,-0.005458202,0.222395752,0.008297887,0.24639184,0.119685142,-0.147499761,-0.100922988,-0.120701878,-0.097700318,-86.77205,-85.41341
14/07/2016,7.53,-0.06920078,-0.038509942,-0.059036446,-0.040901302,-0.007919984,-0.005149242,-0.007005703,-0.005152177,-0.008432816,-0.005192782,-0.008685673,-0.005687749,-0.007643047,-0.004776746,-0.008059194,-0.005223174,0.17456446,-0.03711377,0.22584525,0.025848722,-0.215061643,-0.118944656,-0.161590517,-0.10733732,-89.62579,-87.46979667
14/08/2016,7.53,-0.061764706,-0.033529907,-0.063340201,-0.038273533,-0.008131044,-0.004797331,-0.007719351,-0.005061611,-0.007808534,-0.004430863,-0.008338797,-0.00513369,-0.006793615,-0.004000069,-0.007536988,-0.004701764,0.038990355,-0.064340885,0.145316856,-0.031052256,-0.212501506,-0.125046511,-0.191687636,-0.114971385,-90.07704,-88.82496
14/09/2016,7.51,-0.046719682,-0.027603726,-0.059228389,-0.033214525,-0.00754992,-0.00415783,-0.007866983,-0.004701468,-0.00665912,-0.003530903,-0.00763349,-0.004384849,-0.005564295,-0.003075613,-0.006666986,-0.003950809,0.001933405,-0.067825559,0.071829407,-0.056426738,-0.240506566,-0.139773846,-0.222689905,-0.127921671,-93.43849,-91.04710667
14/10/2016,7.42,-0.04008016,-0.02070023,-0.049521516,-0.027277954,-0.006359532,-0.003227715,-0.007346832,-0.004060959,-0.004981523,-0.002470338,-0.006483059,-0.003477368,-0.003988889,-0.00200673,-0.005448933,-0.003027471,-0.064084072,-0.121488818,-0.007720104,-0.084551754,-0.183769269,-0.134017513,-0.212259114,-0.132945957,-92.74367,-92.0864
14/11/2016,7.42,-0.027355623,-0.014388489,-0.038051822,-0.020897482,-0.004552768,-0.002039721,-0.006154073,-0.003141756,-0.002900294,-0.001194729,-0.004846979,-0.002398657,-0.00217461,-0.000776573,-0.003909265,-0.001952972,-0.009208103,-0.10240379,-0.023786257,-0.097239389,-0.180588396,-0.124209563,-0.20162141,-0.132666974,-92.12463,-92.76893
14/12/2016,7.43,-0.022177419,-0.006621378,-0.029871068,-0.013903366,-0.002321168,-0.000664316,-0.004411156,-0.001977251,-0.000635942,0.000289106,-0.002839253,-0.00112532,-0.000253037,0.000595394,-0.002138846,-0.000729303,-0.48212846,-0.17010079,-0.185140212,-0.131331133,-0.168381211,-0.090775609,-0.177579625,-0.116334228,-90.10168,-91.65666
14/01/2017,7.58,0.003058104,0.005781344,-0.015491646,-0.005076174,2.00013E-06,0.000798255,-0.002290645,-0.000635261,0.001703188,0.001886625,-0.000611016,0.000327001,0.001744631,0.002022258,-0.000227672,0.000613693,-0.803716987,-0.191491005,-0.431684517,-0.154665195,-0.07641751,-0.044838737,-0.141795706,-0.08660797,-84.92439,-89.05023333
14/02/2017,7.59,0.036157025,0.0230064,0.005679236,0.007388789,0.002197727,0.002199065,-4.04802E-05,0.000777668,0.00402275,0.00344721,0.001696665,0.001874314,0.003792812,0.00338313,0.001761469,0.002000261,-0.711246201,-0.286706273,-0.665697216,-0.216099356,-0.040087523,-0.00368878,-0.094962081,-0.046434375,-85.13911,-86.72172667
14/03/2017,7.59,0.035123967,0.036048527,0.024779699,0.021612091,0.00397647,0.00337672,0.002058732,0.00212468,0.00605794,0.004795034,0.003927959,0.00337629,0.005706161,0.00455232,0.003747868,0.003319236,-0.286077882,-0.209217346,-0.600347023,-0.229138208,-0.002481099,0.028443266,-0.039662044,-0.00669475,-84.92668,-84.99672667
14/04/2017,8.31,0.050314465,0.042016807,0.040531819,0.033690578,0.005380759,0.004274427,0.003851652,0.003283404,0.007662862,0.005804919,0.005914517,0.004682388,0.007375886,0.005464979,0.005624953,0.00446681,-0.259959487,-0.16079354,-0.419094523,-0.21890572,-0.019646252,0.033339895,-0.020738291,0.019364794,-85.09624,-85.05401
14/05/2017,8.32,0.056603774,0.04059423,0.047347402,0.039553188,0.006758533,0.004957951,0.005371921,0.004203033,0.008785413,0.00642624,0.007502072,0.005675398,0.008634483,0.00609911,0.007238843,0.005372136,-0.054791667,-0.075509471,-0.200276345,-0.148506786,-0.03582484,0.021402668,-0.019317397,0.02772861,-89.0929,-86.37194
14/06/2017,8.32,0.050209205,0.038236307,0.052375815,0.040282448,0.007952659,0.005496359,0.006697317,0.004909579,0.009570595,0.00671395,0.008672957,0.006315036,0.009530626,0.006494958,0.008513665,0.006019682,0.057642097,-0.030973526,-0.085703019,-0.089092179,0.019956772,0.021167589,-0.011838107,0.025303384,-85.04036,-86.40983333
14/07/2017,8.71,0.05026178,0.034305317,0.052358253,0.037711952,0.008837336,0.005888322,0.007849509,0.005447544,0.010209663,0.006780108,0.00952189,0.006640099,0.010251484,0.006705951,0.009472198,0.006433339,-0.027648797,0.036658872,-0.008266122,-0.023274708,0.028978378,0.015395144,0.004370103,0.0193218,-87.02858,-87.05394667
14/08/2017,8.71,0.053291536,0.029537306,0.051254174,0.03402631,0.009291664,0.006018388,0.008693886,0.005801023,0.010764059,0.006728155,0.010181439,0.006740738,0.010872281,0.006808678,0.010218131,0.006669862,-0.106982703,0.032876937,-0.025663135,0.012854094,0.066343987,0.037011946,0.038426379,0.024524893,-84.10097,-85.38997
14/09/2017,8.73,0.052137643,0.027036218,0.051896987,0.030292947,0.00924682,0.005832612,0.009125273,0.005913107,0.011132404,0.006617111,0.010702042,0.006708458,0.01131625,0.006850438,0.010813338,0.006788356,-0.203400775,-0.030940064,-0.112677425,0.012865248,0.081697382,0.032563806,0.059006582,0.028323632,-85.80481,-85.64478667
14/10/2017,8.72,0.063674322,0.028281118,0.056367834,0.028284881,0.008807091,0.005357133,0.009115192,0.005736044,0.011275337,0.006478224,0.011057267,0.00660783,0.011501328,0.006843867,0.011229953,0.006834328,-0.106893881,-0.084416972,-0.139092453,-0.027493366,0.0942515,0.041615065,0.08076429,0.037063606,-84.00244,-84.63607333
14/11/2017,8.72,0.057291667,0.026220386,0.057701211,0.027179241,0.008037855,0.004678667,0.008697255,0.005289471,0.011067019,0.00630855,0.011158254,0.006467962,0.011321401,0.006753055,0.01137966,0.006815787,-0.40625,-0.139540192,-0.238848219,-0.084965743,0.095124724,0.038987615,0.090357869,0.037722162,-83.3613,-84.38951667
14/12/2017,8.72,0.042268041,0.022584166,0.054411343,0.025695223,0.007047781,0.003926243,0.007964243,0.004654014,0.010481189,0.006096887,0.010941182,0.006294554,0.010762316,0.006537636,0.011195015,0.00671152,-0.146328196,-0.169201124,-0.219824026,-0.131052763,0.081773836,0.043717742,0.090383353,0.041440141,-82.73372,-83.36582
14/01/2018,9.23,0.041666667,0.01937855,0.047075458,0.022727701,0.006068388,0.003217138,0.007051342,0.003940683,0.009595292,0.005785706,0.010381167,0.006063714,0.009920984,0.006152551,0.010668234,0.006481081,-0.251626898,-0.235838095,-0.268068365,-0.181526471,0.023070757,0.039659642,0.066656439,0.040788333,-82.96512,-83.02004667
14/02/2018,9.23,0.012961117,0.015049472,0.032298608,0.019004063,0.005077156,0.002586048,0.006064442,0.003243143,0.00852796,0.005342397,0.009534814,0.005741664,0.00888432,0.005582635,0.009855873,0.006090941,-0.122380107,-0.211305102,-0.173445067,-0.205448107,0.032208112,0.03522813,0.045684235,0.039535171,-82.39694,-82.69859333
14/03/2018,9.23,0.003992016,0.009943653,0.019539933,0.014790558,0.004212258,0.002040704,0.005119268,0.00261463,0.007500873,0.004775913,0.008541375,0.005301339,0.007793355,0.004850153,0.00886622,0.005528446,-0.280427469,-0.205411603,-0.218144824,-0.217518266,0.002825614,0.020618251,0.019368161,0.031835341,-84.68671,-83.34959
14/04/2018,9.68,0.00499002,0.000578082,0.007314384,0.008523736,0.003609532,0.001615248,0.004299649,0.002080667,0.006595298,0.004132695,0.007541377,0.004750335,0.006623658,0.003987898,0.007767111,0.004806895,-0.29903537,-0.201131618,-0.233947648,-0.205949441,-0.002428779,0.009561488,0.010868315,0.021802623,-85.30292,-84.12885667
14/05/2018,9.68,-0.008928571,-0.006104603,1.78215E-05,0.001472377,0.002844898,0.001315868,0.003555563,0.001657273,0.005630541,0.003416814,0.006575571,0.004108474,0.005271486,0.002998874,0.006562833,0.003945642,-0.539601027,-0.276342302,-0.373021289,-0.227628508,0.054586392,-0.000321696,0.018327742,0.009952681,-84.22964,-84.73975667
14/06/2018,9.68,0.011952191,-0.003133762,0.002671213,-0.002886761,0.00217234,0.00115492,0.00287559,0.001362012,0.004547229,0.002603722,0.005591023,0.00338441,0.003742849,0.001876009,0.005212664,0.002954261,-0.62084399,-0.315978117,-0.486493462,-0.264484012,0.013028637,0.002410928,0.02172875,0.003883573,-83.9324,-84.48832
14/07/2018,10.02,0.010967099,-0.001236502,0.004663573,-0.003491622,0.001615686,0.001029685,0.002210974,0.001166824,0.003270299,0.00165448,0.00448269,0.002558339,0.002006043,0.000615465,0.003673459,0.001830116,-0.550831793,-0.300579427,-0.570425603,-0.297633282,0.031871829,0.006738039,0.033162286,0.002942424,-84.25482,-84.13895333
14/08/2018,10.02,-0.004960317,0.000824946,0.005986324,-0.001181772,0.001057044,0.00088967,0.001615023,0.001024758,0.001743411,0.000573239,0.00318698,0.00161048,-1.98548E-06,-0.000755659,0.001915636,0.000578605,-0.40162037,-0.223257273,-0.524432051,-0.279938272,-0.004399593,0.001008952,0.013500291,0.003385973,-84.47098,-84.2194
14/09/2018,10.02,-0.014866204,-0.007417175,-0.002953141,-0.002609577,0.000588538,0.000657729,0.001087089,0.000859028,-2.18646E-05,-0.000639668,0.001663949,0.00052935,-0.002256573,-0.002229784,-8.41718E-05,-0.000789992,-0.398676444,-0.187795152,-0.450376203,-0.237210617,-0.015559384,-0.012782373,0.003970951,-0.00167846,-87.13988,-85.28856
14/10/2018,9.93,-0.024533857,-0.014903252,-0.014786793,-0.00716516,0.00023759,0.000325011,0.000627724,0.000624137,-0.002104395,-0.001991063,-0.000127616,-0.000685831,-0.004732361,-0.003796876,-0.002330307,-0.002260773,-0.412526242,-0.173936184,-0.404274352,-0.194996203,-0.022780767,-0.022163718,-0.014246581,-0.01131238,-85.91608,-85.84231333
14/11/2018,9.93,-0.022660099,-0.018121911,-0.02068672,-0.013480779,-8.54935E-05,-4.79522E-05,0.000246878,0.000311596,-0.004487513,-0.003487863,-0.002204591,-0.002039531,-0.007285839,-0.005414771,-0.004758258,-0.00381381,-0.079156529,-0.113487086,-0.296786405,-0.15840614,-0.035584138,-0.029155224,-0.02464143,-0.021367105,-86.32764,-86.4612
14/12/2018,9.92,-0.023738872,-0.019216495,-0.023644276,-0.017413886,-0.000574589,-0.000466994,-0.000140831,-6.33118E-05,-0.00703432,-0.00511266,-0.004542076,-0.003530529,-0.009721316,-0.00699659,-0.007246506,-0.005402746,0.046662449,0.002511265,-0.148340107,-0.094970668,-0.033401979,-0.021285054,-0.030588961,-0.024201332,-85.49719,-85.91363667
14/01/2019,9.38,-0.042926829,-0.021487603,-0.029775267,-0.01960867,-0.00130914,-0.000978688,-0.000656408,-0.000497878,-0.009492203,-0.006779882,-0.007004679,-0.005126802,-0.01180129,-0.008397435,-0.009602815,-0.006936265,0.129260543,0.125574004,0.032255488,0.004866061,-0.031553863,-0.018035338,-0.033513327,-0.022825206,-85.58299,-85.80260667
14/02/2019,9.38,-0.047244094,-0.027573073,-0.037969932,-0.022759057,-0.002141076,-0.001619509,-0.001341602,-0.00102173,-0.011646735,-0.00832441,-0.009391086,-0.006738984,-0.013430713,-0.009478702,-0.011651106,-0.008290909,-0.01535053,0.141545933,0.053524154,0.089877067,-0.072361789,-0.023069978,-0.045772544,-0.02079679,-88.35933,-86.47983667
14/03/2019,9.38,-0.045725646,-0.034597196,-0.045298857,-0.027885957,-0.002905399,-0.002308135,-0.002118538,-0.001635444,-0.013336451,-0.009544599,-0.011491796,-0.008216297,-0.014543192,-0.0101247,-0.013258398,-0.009333612,-0.041421947,0.105437418,0.024162688,0.124185785,-0.023853211,-0.025047184,-0.042589621,-0.022050833,-86.70676,-86.88302667
14/04/2019,8.81,-0.041708044,-0.036389375,-0.044892595,-0.032853214,-0.003666116,-0.002906314,-0.002904197,-0.002277986,-0.014554685,-0.010297811,-0.01317929,-0.00938894,-0.015180675,-0.010314174,-0.01438486,-0.009972525,0.013751375,0.042141351,-0.014340367,0.096374901,-0.004556937,-0.022841873,-0.033590646,-0.023653012,-85.69164,-86.91924333
14/05/2019,8.81,-0.04004004,-0.035532146,-0.042491243,-0.035506239,-0.004254744,-0.003310934,-0.003608753,-0.002841794,-0.015284816,-0.010556772,-0.014391984,-0.01013306,-0.015408801,-0.010109884,-0.015044223,-0.010182919,0.084284798,0.009249453,0.018871409,0.052276074,-0.013063691,-0.00508236,-0.013824613,-0.017657139,-85.32999,-85.90946333
14/06/2019,8.81,-0.053149606,-0.031137222,-0.044965897,-0.034352914,-0.004930317,-0.003556427,-0.004283726,-0.003257892,-0.015754034,-0.010447736,-0.015197845,-0.010434106,-0.015459449,-0.009679028,-0.015349642,-0.010034362,0.181591059,0.03648265,0.093209077,0.029291151,-0.054818282,-0.010216405,-0.024146303,-0.012713546,-88.53343,-86.51835333
14/07/2019,8.56,-0.060157791,-0.031752716,-0.051115812,-0.032807361,-0.005694449,-0.003754371,-0.004959837,-0.003540578,-0.016103769,-0.010155226,-0.015714207,-0.010386578,-0.015436132,-0.009205655,-0.015434794,-0.009664856,0.11534896,0.058464285,0.127074939,0.034732129,-0.065227129,-0.025626078,-0.044369701,-0.013641614,-89.75052,-87.87131333
14/08/2019,8.56,-0.062811565,-0.034902392,-0.058706321,-0.032597443,-0.006498473,-0.004053375,-0.005707746,-0.003788058,-0.016320626,-0.009839476,-0.016059477,-0.01014748,-0.015279293,-0.008805193,-0.015391625,-0.009229959,0.191990091,0.111126892,0.162976703,0.068691276,-0.059387141,-0.04068751,-0.059810851,-0.025509997,-89.48747,-89.25714
14/09/2019,8.56,-0.057344064,-0.038967654,-0.060104474,-0.035207587,-0.007315631,-0.004490783,-0.006502851,-0.00409951,-0.016293485,-0.009537697,-0.016239294,-0.009844133,-0.014852504,-0.008469362,-0.01518931,-0.008826737,0.228388747,0.105501275,0.178575933,0.091697484,-0.064785836,-0.052507164,-0.063133369,-0.039606917,-92.78531,-90.67443333
14/10/2019,8.15,-0.070422535,-0.043864141,-0.063526055,-0.039244729,-0.00821132,-0.005055178,-0.007341808,-0.004533112,-0.01590532,-0.009202098,-0.016173144,-0.009526424,-0.014034564,-0.008106106,-0.01472212,-0.00846022,0.27037404,0.134404222,0.230250959,0.117010797,-0.054615155,-0.050243401,-0.059596044,-0.047812692,-90.6084,-90.96039333
14/11/2019,8.16,-0.07358871,-0.045903046,-0.067118436,-0.042911614,-0.009179411,-0.00569414,-0.008235454,-0.005080034,-0.014923796,-0.00871764,-0.015707534,-0.009152478,-0.012772219,-0.007603824,-0.013886429,-0.008059764,0.059672328,0.1004181,0.186145038,0.113441199,-0.047792225,-0.048898324,-0.055731072,-0.05054963,-90.45343,-91.28238
14/12/2019,8.15,-0.072948328,-0.048801518,-0.072319858,-0.046189568,-0.01014564,-0.006399949,-0.00917879,-0.005716422,-0.013399264,-0.008008067,-0.014742794,-0.008642602,-0.011183017,-0.006900884,-0.012663267,-0.007536938,-0.078314253,0.056567496,0.083910705,0.097129939,-0.054714079,-0.033314652,-0.05237382,-0.044152126,-90.17509,-90.41230667
14/01/2020,7.76,-0.076452599,-0.049271339,-0.074329879,-0.047991968,-0.011004422,-0.007140495,-0.010109824,-0.006411528,-0.011618691,-0.007081204,-0.013313917,-0.007935637,-0.009592425,-0.006034839,-0.011182554,-0.006846516,-0.073809919,-0.000559364,-0.030817281,0.052142077,-0.038540369,-0.022167291,-0.047015558,-0.034793422,-88.88139,-89.83663667
14/02/2020,7.75,-0.056818182,-0.045307726,-0.068739703,-0.047793528,-0.011806168,-0.007900418,-0.01098541,-0.007146954,-0.009936122,-0.0060798,-0.011651359,-0.007056357,-0.008299284,-0.005159065,-0.009691575,-0.006031596,0.107387781,0.021915372,-0.01491213,0.025974501,0.00909389,-0.00723721,-0.028053519,-0.020906384,-87.5558,-88.87076
14/03/2020,7.74,-0.059375,-0.0434859,-0.06421526,-0.046021655,-0.012818813,-0.008683943,-0.011876468,-0.007908285,-0.008708541,-0.005195694,-0.010087785,-0.006118899,-0.007589218,-0.004478972,-0.008493642,-0.005224292,0.505046008,0.192389666,0.17954129,0.071248558,-0.026907129,0.001463556,-0.018784536,-0.009313648,-89.03979,-88.49232667
14/04/2020,6.45,-0.056994819,-0.035726919,-0.057729333,-0.041506848,-0.014189774,-0.009538826,-0.012938252,-0.008707729,-0.008039356,-0.004571646,-0.008894673,-0.00528238,-0.007464194,-0.004138949,-0.007784232,-0.004592329,0.585610708,0.378031605,0.399348166,0.197445548,-0.076688811,-0.008129755,-0.031500684,-0.00463447,-92.26323,-89.61960667
14/05/2020,6.44,-0.106360792,-0.050919755,-0.074243537,-0.043377525,-0.018916821,-0.011517368,-0.015308469,-0.009913379,-0.029306156,-0.011446338,-0.015351351,-0.007071226,-0.029053704,-0.011297275,-0.014702372,-0.006638399,0.562482488,0.508239466,0.551046401,0.359553579,-0.091926766,-0.0299723,-0.065174235,-0.012212833,-93.1741,-91.49237333
14/06/2020,6.37,-0.174636175,-0.085030368,-0.112663929,-0.057225681,-0.022540448,-0.014193647,-0.018549014,-0.011749947,-0.073805176,-0.033485505,-0.037050229,-0.016501163,-0.080597901,-0.035848062,-0.039038599,-0.017094762,0.375642674,0.455341673,0.507911957,0.447204248,-0.058334688,-0.045164663,-0.075650088,-0.027755573,-93.698,-93.04511
14/07/2020,5.09,-0.190975866,-0.130419172,-0.157324278,-0.088789765,-0.026985017,-0.017805271,-0.022814095,-0.014505428,-0.056730181,-0.050025702,-0.053280504,-0.031652515,-0.060824183,-0.053865378,-0.056825262,-0.033670238,0.356736527,0.345537691,0.431620563,0.436372944,-0.023280311,-0.037199418,-0.057847255,-0.037445461,-91.83994,-92.90401333
14/08/2020,5.08,-0.118085106,-0.13253012,-0.161232382,-0.11599322,-0.024833126,-0.01887508,-0.024786197,-0.016957999,-0.029926909,-0.048837862,-0.053487422,-0.044116356,-0.031004516,-0.05308121,-0.057475533,-0.047598217,0.234883325,0.221030636,0.322420842,0.340636667,-0.022951817,-0.023652989,-0.034855605,-0.035339024,-91.54137,-92.35977
14/09/2020,5.06,-0.077908218,-0.093367675,-0.12898973,-0.118772323,-0.018933813,-0.016644573,-0.023583985,-0.017774975,-0.014898335,-0.02405541,-0.033851808,-0.040972991,-0.01729248,-0.0262314,-0.036373726,-0.044392663,0.343056016,0.18703385,0.311558623,0.251200726,0.019164672,-0.008899158,-0.009022485,-0.023250522,-91.00711,-91.46280667
14/10/2020,4.71,-0.037878788,-0.033773038,-0.077957371,-0.086556945,-0.013265725,-0.010828056,-0.019010888,-0.015449236,-0.008405817,-0.004021009,-0.017743687,-0.025638094,-0.010755034,-0.005178954,-0.01968401,-0.028163855,0.263622475,0.152223971,0.280520605,0.186762819,-0.003872268,-0.003733167,-0.002553138,-0.012095105,-90.95926,-91.16924667
14/11/2020,4.7,0.007616975,0.013045944,-0.036056677,-0.03803159,-0.009526342,-0.004781853,-0.013908627,-0.010751494,-0.005750907,0.005814458,-0.00968502,-0.007420654,-0.008114332,0.00442409,-0.012053949,-0.008995421,0.315377238,0.146577154,0.30735191,0.161944991,-0.006303575,5.12172E-05,0.002996276,-0.004193703,-91.02361,-90.99666
14/12/2020,4.7,0.033879781,0.051308901,0.00120599,0.010193936,-0.005703617,-5.65605E-05,-0.009498561,-0.005222157,-0.003338621,0.010343821,-0.005831782,0.004045756,-0.00554811,0.009340663,-0.008139159,0.002861933,0.224188337,0.039777918,0.26772935,0.112859681,-0.000858774,0.001188778,-0.003678206,-0.000831057,-90.25253,-90.74513333
14/01/2021,5.2,0.068432671,0.085004776,0.036643142,0.04978654,-0.001486467,0.003591467,-0.005572142,-0.000415649,-0.000662183,0.013280207,-0.00325057,0.009812829,-0.00228461,0.01282714,-0.005315684,0.008863964,0.127432808,-0.081877788,0.222332794,0.034825761,-0.008328853,0.00641605,-0.005163734,0.002552015,-89.62167,-90.29927
14/02/2021,5.2,0.065717415,0.102223919,0.056009956,0.079512532,0.003018054,0.007074517,-0.001390677,0.003536474,0.002799098,0.016422262,-0.000400569,0.013348763,0.001499437,0.016595502,-0.002111094,0.012921101,-0.092544089,-0.26975089,0.086359018,-0.103950253,-0.021214129,0.012838655,-0.010133918,0.006814494,-89.41322,-89.76247333
14/03/2021,5.18,0.085271318,0.111914732,0.073140468,0.099714475,0.007928093,0.01048444,0.003153226,0.007050141,0.006131905,0.019679319,0.002756273,0.016460596,0.005100193,0.020431847,0.00143834,0.016618163,-1.07856072,-0.450946412,-0.347890667,-0.26752503,0.008558309,0.020147363,-0.006994891,0.013134022,-88.27776,-89.10421667
14/04/2021,6.91,0.086813187,0.11333964,0.079267307,0.10915943,0.013113069,0.013702532,0.008019739,0.010420496,0.010212738,0.023066217,0.006381247,0.019722599,0.009184537,0.02405167,0.005261389,0.020359673,-1.243606999,-0.554120686,-0.804903936,-0.424939329,0.067430004,0.033924552,0.018258061,0.022303523,-86.04192,-87.91096667
14/05/2021,6.91,0.192532089,0.125493885,0.121538864,0.116916086,0.021420572,0.016560425,0.014153911,0.013582466,0.037196196,0.026329213,0.017846947,0.023024917,0.036149806,0.027377978,0.016811512,0.023953832,-1.201088697,-0.585963825,-1.174418805,-0.530343641,0.075751631,0.047622471,0.050579981,0.033898128,-86.11601,-86.81189667
14/06/2021,6.97,0.303526448,0.137947137,0.194290575,0.125593554,0.028229332,0.01879427,0.020920991,0.016352409,0.091308703,0.029331468,0.046239212,0.026242299,0.098556327,0.030411588,0.047963557,0.027280412,-0.878023675,-0.509188015,-1.107573123,-0.549757509,0.09359901,0.059216824,0.078926881,0.046921282,-84.92796,-85.69529667
14/07/2021,8.4,0.329442283,0.1429631,0.27516694,0.135468041,0.035295845,0.020083195,0.02831525,0.018479297,0.074787432,0.031482225,0.06776411,0.029047636,0.078976492,0.032778261,0.071227541,0.030189276,-0.741214801,-0.4697867,-0.940109058,-0.52164618,0.084051666,0.060902627,0.084467436,0.055913974,-84.12064,-85.05487
14/08/2021,8.41,0.255729795,0.132681947,0.296232842,0.137864062,0.034743504,0.019950745,0.032756227,0.019609403,0.047683949,0.030560719,0.071260028,0.030458137,0.048613871,0.032194645,0.07538223,0.031794831,-0.572796082,-0.394020612,-0.730678186,-0.457665109,0.066641017,0.057264859,0.081430564,0.059128103,-85.44096,-84.82985333
14/09/2021,8.42,0.201388889,0.109363831,0.262186989,0.128336293,0.029626758,0.018423332,0.033222036,0.019485757,0.033115938,0.024520623,0.05186244,0.028854522,0.035666939,0.025931403,0.0544191,0.030301436,-0.859737639,-0.326534935,-0.724582841,-0.396780749,0.055858273,0.045826793,0.068850319,0.05466476,-85.92361,-85.16173667
14/10/2021,8.97,0.138357705,0.080202691,0.19849213,0.107416156,0.024441641,0.01559945,0.029603968,0.017991176,0.027028323,0.018973585,0.035942737,0.024684976,0.02964598,0.020357601,0.037975597,0.026161216,-0.939372983,-0.319303108,-0.790635568,-0.346619552,0.058797202,0.033292804,0.060432164,0.045461485,-85.61111,-85.65856
14/11/2021,8.98,0.082073434,0.047177904,0.140606676,0.078914809,0.021190119,0.012327403,0.025086173,0.015450062,0.024359064,0.014865662,0.028167775,0.01945329,0.027096193,0.016447608,0.030803037,0.020912204,-0.923651646,-0.337415799,-0.907587423,-0.327751281,0.085673157,0.036097573,0.066776211,0.038405723,-83.22533,-84.92001667
14/12/2021,8.98,0.072938689,0.024002705,0.097789943,0.0504611,0.018096337,0.009258235,0.021242699,0.012395029,0.021549259,0.011595808,0.024312215,0.015145019,0.024212868,0.01319966,0.026985014,0.01666829,-0.461126537,-0.276587829,-0.774717055,-0.311102245,0.080606051,0.042640484,0.07502547,0.03734362,-82.97763,-83.93802333
14/01/2022,8.98,0.064049587,0.019489753,0.07302057,0.030223454,0.014914015,0.006640204,0.018066824,0.009408614,0.018377123,0.008718964,0.021428482,0.011726811,0.020450511,0.010281004,0.023919858,0.013309424,-0.493892724,-0.212327472,-0.626223636,-0.2754437,0.064800288,0.044615795,0.077026498,0.041117951,-83.81416,-83.33904
